"Date","Official Bank Rate              [a] [b]             IUDBEDR"
"03 Jan 06","4.5"
"04 Jan 06","4.5"
"05 Jan 06","4.5"
"06 Jan 06","4.5"
"09 Jan 06","4.5"
"10 Jan 06","4.5"
"11 Jan 06","4.5"
"12 Jan 06","4.5"
"13 Jan 06","4.5"
"16 Jan 06","4.5"
"17 Jan 06","4.5"
"18 Jan 06","4.5"
"19 Jan 06","4.5"
"20 Jan 06","4.5"
"23 Jan 06","4.5"
"24 Jan 06","4.5"
"25 Jan 06","4.5"
"26 Jan 06","4.5"
"27 Jan 06","4.5"
"30 Jan 06","4.5"
"31 Jan 06","4.5"
"01 Feb 06","4.5"
"02 Feb 06","4.5"
"03 Feb 06","4.5"
"06 Feb 06","4.5"
"07 Feb 06","4.5"
"08 Feb 06","4.5"
"09 Feb 06","4.5"
"10 Feb 06","4.5"
"13 Feb 06","4.5"
"14 Feb 06","4.5"
"15 Feb 06","4.5"
"16 Feb 06","4.5"
"17 Feb 06","4.5"
"20 Feb 06","4.5"
"21 Feb 06","4.5"
"22 Feb 06","4.5"
"23 Feb 06","4.5"
"24 Feb 06","4.5"
"27 Feb 06","4.5"
"28 Feb 06","4.5"
"01 Mar 06","4.5"
"02 Mar 06","4.5"
"03 Mar 06","4.5"
"06 Mar 06","4.5"
"07 Mar 06","4.5"
"08 Mar 06","4.5"
"09 Mar 06","4.5"
"10 Mar 06","4.5"
"13 Mar 06","4.5"
"14 Mar 06","4.5"
"15 Mar 06","4.5"
"16 Mar 06","4.5"
"17 Mar 06","4.5"
"20 Mar 06","4.5"
"21 Mar 06","4.5"
"22 Mar 06","4.5"
"23 Mar 06","4.5"
"24 Mar 06","4.5"
"27 Mar 06","4.5"
"28 Mar 06","4.5"
"29 Mar 06","4.5"
"30 Mar 06","4.5"
"31 Mar 06","4.5"
"03 Apr 06","4.5"
"04 Apr 06","4.5"
"05 Apr 06","4.5"
"06 Apr 06","4.5"
"07 Apr 06","4.5"
"10 Apr 06","4.5"
"11 Apr 06","4.5"
"12 Apr 06","4.5"
"13 Apr 06","4.5"
"18 Apr 06","4.5"
"19 Apr 06","4.5"
"20 Apr 06","4.5"
"21 Apr 06","4.5"
"24 Apr 06","4.5"
"25 Apr 06","4.5"
"26 Apr 06","4.5"
"27 Apr 06","4.5"
"28 Apr 06","4.5"
"02 May 06","4.5"
"03 May 06","4.5"
"04 May 06","4.5"
"05 May 06","4.5"
"08 May 06","4.5"
"09 May 06","4.5"
"10 May 06","4.5"
"11 May 06","4.5"
"12 May 06","4.5"
"15 May 06","4.5"
"16 May 06","4.5"
"17 May 06","4.5"
"18 May 06","4.5"
"19 May 06","4.5"
"22 May 06","4.5"
"23 May 06","4.5"
"24 May 06","4.5"
"25 May 06","4.5"
"26 May 06","4.5"
"30 May 06","4.5"
"31 May 06","4.5"
"01 Jun 06","4.5"
"02 Jun 06","4.5"
"05 Jun 06","4.5"
"06 Jun 06","4.5"
"07 Jun 06","4.5"
"08 Jun 06","4.5"
"09 Jun 06","4.5"
"12 Jun 06","4.5"
"13 Jun 06","4.5"
"14 Jun 06","4.5"
"15 Jun 06","4.5"
"16 Jun 06","4.5"
"19 Jun 06","4.5"
"20 Jun 06","4.5"
"21 Jun 06","4.5"
"22 Jun 06","4.5"
"23 Jun 06","4.5"
"26 Jun 06","4.5"
"27 Jun 06","4.5"
"28 Jun 06","4.5"
"29 Jun 06","4.5"
"30 Jun 06","4.5"
"03 Jul 06","4.5"
"04 Jul 06","4.5"
"05 Jul 06","4.5"
"06 Jul 06","4.5"
"07 Jul 06","4.5"
"10 Jul 06","4.5"
"11 Jul 06","4.5"
"12 Jul 06","4.5"
"13 Jul 06","4.5"
"14 Jul 06","4.5"
"17 Jul 06","4.5"
"18 Jul 06","4.5"
"19 Jul 06","4.5"
"20 Jul 06","4.5"
"21 Jul 06","4.5"
"24 Jul 06","4.5"
"25 Jul 06","4.5"
"26 Jul 06","4.5"
"27 Jul 06","4.5"
"28 Jul 06","4.5"
"31 Jul 06","4.5"
"01 Aug 06","4.5"
"02 Aug 06","4.5"
"03 Aug 06","4.75"
"04 Aug 06","4.75"
"07 Aug 06","4.75"
"08 Aug 06","4.75"
"09 Aug 06","4.75"
"10 Aug 06","4.75"
"11 Aug 06","4.75"
"14 Aug 06","4.75"
"15 Aug 06","4.75"
"16 Aug 06","4.75"
"17 Aug 06","4.75"
"18 Aug 06","4.75"
"21 Aug 06","4.75"
"22 Aug 06","4.75"
"23 Aug 06","4.75"
"24 Aug 06","4.75"
"25 Aug 06","4.75"
"29 Aug 06","4.75"
"30 Aug 06","4.75"
"31 Aug 06","4.75"
"01 Sep 06","4.75"
"04 Sep 06","4.75"
"05 Sep 06","4.75"
"06 Sep 06","4.75"
"07 Sep 06","4.75"
"08 Sep 06","4.75"
"11 Sep 06","4.75"
"12 Sep 06","4.75"
"13 Sep 06","4.75"
"14 Sep 06","4.75"
"15 Sep 06","4.75"
"18 Sep 06","4.75"
"19 Sep 06","4.75"
"20 Sep 06","4.75"
"21 Sep 06","4.75"
"22 Sep 06","4.75"
"25 Sep 06","4.75"
"26 Sep 06","4.75"
"27 Sep 06","4.75"
"28 Sep 06","4.75"
"29 Sep 06","4.75"
"02 Oct 06","4.75"
"03 Oct 06","4.75"
"04 Oct 06","4.75"
"05 Oct 06","4.75"
"06 Oct 06","4.75"
"09 Oct 06","4.75"
"10 Oct 06","4.75"
"11 Oct 06","4.75"
"12 Oct 06","4.75"
"13 Oct 06","4.75"
"16 Oct 06","4.75"
"17 Oct 06","4.75"
"18 Oct 06","4.75"
"19 Oct 06","4.75"
"20 Oct 06","4.75"
"23 Oct 06","4.75"
"24 Oct 06","4.75"
"25 Oct 06","4.75"
"26 Oct 06","4.75"
"27 Oct 06","4.75"
"30 Oct 06","4.75"
"31 Oct 06","4.75"
"01 Nov 06","4.75"
"02 Nov 06","4.75"
"03 Nov 06","4.75"
"06 Nov 06","4.75"
"07 Nov 06","4.75"
"08 Nov 06","4.75"
"09 Nov 06","5"
"10 Nov 06","5"
"13 Nov 06","5"
"14 Nov 06","5"
"15 Nov 06","5"
"16 Nov 06","5"
"17 Nov 06","5"
"20 Nov 06","5"
"21 Nov 06","5"
"22 Nov 06","5"
"23 Nov 06","5"
"24 Nov 06","5"
"27 Nov 06","5"
"28 Nov 06","5"
"29 Nov 06","5"
"30 Nov 06","5"
"01 Dec 06","5"
"04 Dec 06","5"
"05 Dec 06","5"
"06 Dec 06","5"
"07 Dec 06","5"
"08 Dec 06","5"
"11 Dec 06","5"
"12 Dec 06","5"
"13 Dec 06","5"
"14 Dec 06","5"
"15 Dec 06","5"
"18 Dec 06","5"
"19 Dec 06","5"
"20 Dec 06","5"
"21 Dec 06","5"
"22 Dec 06","5"
"27 Dec 06","5"
"28 Dec 06","5"
"29 Dec 06","5"
"02 Jan 07","5"
"03 Jan 07","5"
"04 Jan 07","5"
"05 Jan 07","5"
"08 Jan 07","5"
"09 Jan 07","5"
"10 Jan 07","5"
"11 Jan 07","5.25"
"12 Jan 07","5.25"
"15 Jan 07","5.25"
"16 Jan 07","5.25"
"17 Jan 07","5.25"
"18 Jan 07","5.25"
"19 Jan 07","5.25"
"22 Jan 07","5.25"
"23 Jan 07","5.25"
"24 Jan 07","5.25"
"25 Jan 07","5.25"
"26 Jan 07","5.25"
"29 Jan 07","5.25"
"30 Jan 07","5.25"
"31 Jan 07","5.25"
"01 Feb 07","5.25"
"02 Feb 07","5.25"
"05 Feb 07","5.25"
"06 Feb 07","5.25"
"07 Feb 07","5.25"
"08 Feb 07","5.25"
"09 Feb 07","5.25"
"12 Feb 07","5.25"
"13 Feb 07","5.25"
"14 Feb 07","5.25"
"15 Feb 07","5.25"
"16 Feb 07","5.25"
"19 Feb 07","5.25"
"20 Feb 07","5.25"
"21 Feb 07","5.25"
"22 Feb 07","5.25"
"23 Feb 07","5.25"
"26 Feb 07","5.25"
"27 Feb 07","5.25"
"28 Feb 07","5.25"
"01 Mar 07","5.25"
"02 Mar 07","5.25"
"05 Mar 07","5.25"
"06 Mar 07","5.25"
"07 Mar 07","5.25"
"08 Mar 07","5.25"
"09 Mar 07","5.25"
"12 Mar 07","5.25"
"13 Mar 07","5.25"
"14 Mar 07","5.25"
"15 Mar 07","5.25"
"16 Mar 07","5.25"
"19 Mar 07","5.25"
"20 Mar 07","5.25"
"21 Mar 07","5.25"
"22 Mar 07","5.25"
"23 Mar 07","5.25"
"26 Mar 07","5.25"
"27 Mar 07","5.25"
"28 Mar 07","5.25"
"29 Mar 07","5.25"
"30 Mar 07","5.25"
"02 Apr 07","5.25"
"03 Apr 07","5.25"
"04 Apr 07","5.25"
"05 Apr 07","5.25"
"10 Apr 07","5.25"
"11 Apr 07","5.25"
"12 Apr 07","5.25"
"13 Apr 07","5.25"
"16 Apr 07","5.25"
"17 Apr 07","5.25"
"18 Apr 07","5.25"
"19 Apr 07","5.25"
"20 Apr 07","5.25"
"23 Apr 07","5.25"
"24 Apr 07","5.25"
"25 Apr 07","5.25"
"26 Apr 07","5.25"
"27 Apr 07","5.25"
"30 Apr 07","5.25"
"01 May 07","5.25"
"02 May 07","5.25"
"03 May 07","5.25"
"04 May 07","5.25"
"08 May 07","5.25"
"09 May 07","5.25"
"10 May 07","5.5"
"11 May 07","5.5"
"14 May 07","5.5"
"15 May 07","5.5"
"16 May 07","5.5"
"17 May 07","5.5"
"18 May 07","5.5"
"21 May 07","5.5"
"22 May 07","5.5"
"23 May 07","5.5"
"24 May 07","5.5"
"25 May 07","5.5"
"29 May 07","5.5"
"30 May 07","5.5"
"31 May 07","5.5"
"01 Jun 07","5.5"
"04 Jun 07","5.5"
"05 Jun 07","5.5"
"06 Jun 07","5.5"
"07 Jun 07","5.5"
"08 Jun 07","5.5"
"11 Jun 07","5.5"
"12 Jun 07","5.5"
"13 Jun 07","5.5"
"14 Jun 07","5.5"
"15 Jun 07","5.5"
"18 Jun 07","5.5"
"19 Jun 07","5.5"
"20 Jun 07","5.5"
"21 Jun 07","5.5"
"22 Jun 07","5.5"
"25 Jun 07","5.5"
"26 Jun 07","5.5"
"27 Jun 07","5.5"
"28 Jun 07","5.5"
"29 Jun 07","5.5"
"02 Jul 07","5.5"
"03 Jul 07","5.5"
"04 Jul 07","5.5"
"05 Jul 07","5.75"
"06 Jul 07","5.75"
"09 Jul 07","5.75"
"10 Jul 07","5.75"
"11 Jul 07","5.75"
"12 Jul 07","5.75"
"13 Jul 07","5.75"
"16 Jul 07","5.75"
"17 Jul 07","5.75"
"18 Jul 07","5.75"
"19 Jul 07","5.75"
"20 Jul 07","5.75"
"23 Jul 07","5.75"
"24 Jul 07","5.75"
"25 Jul 07","5.75"
"26 Jul 07","5.75"
"27 Jul 07","5.75"
"30 Jul 07","5.75"
"31 Jul 07","5.75"
"01 Aug 07","5.75"
"02 Aug 07","5.75"
"03 Aug 07","5.75"
"06 Aug 07","5.75"
"07 Aug 07","5.75"
"08 Aug 07","5.75"
"09 Aug 07","5.75"
"10 Aug 07","5.75"
"13 Aug 07","5.75"
"14 Aug 07","5.75"
"15 Aug 07","5.75"
"16 Aug 07","5.75"
"17 Aug 07","5.75"
"20 Aug 07","5.75"
"21 Aug 07","5.75"
"22 Aug 07","5.75"
"23 Aug 07","5.75"
"24 Aug 07","5.75"
"28 Aug 07","5.75"
"29 Aug 07","5.75"
"30 Aug 07","5.75"
"31 Aug 07","5.75"
"03 Sep 07","5.75"
"04 Sep 07","5.75"
"05 Sep 07","5.75"
"06 Sep 07","5.75"
"07 Sep 07","5.75"
"10 Sep 07","5.75"
"11 Sep 07","5.75"
"12 Sep 07","5.75"
"13 Sep 07","5.75"
"14 Sep 07","5.75"
"17 Sep 07","5.75"
"18 Sep 07","5.75"
"19 Sep 07","5.75"
"20 Sep 07","5.75"
"21 Sep 07","5.75"
"24 Sep 07","5.75"
"25 Sep 07","5.75"
"26 Sep 07","5.75"
"27 Sep 07","5.75"
"28 Sep 07","5.75"
"01 Oct 07","5.75"
"02 Oct 07","5.75"
"03 Oct 07","5.75"
"04 Oct 07","5.75"
"05 Oct 07","5.75"
"08 Oct 07","5.75"
"09 Oct 07","5.75"
"10 Oct 07","5.75"
"11 Oct 07","5.75"
"12 Oct 07","5.75"
"15 Oct 07","5.75"
"16 Oct 07","5.75"
"17 Oct 07","5.75"
"18 Oct 07","5.75"
"19 Oct 07","5.75"
"22 Oct 07","5.75"
"23 Oct 07","5.75"
"24 Oct 07","5.75"
"25 Oct 07","5.75"
"26 Oct 07","5.75"
"29 Oct 07","5.75"
"30 Oct 07","5.75"
"31 Oct 07","5.75"
"01 Nov 07","5.75"
"02 Nov 07","5.75"
"05 Nov 07","5.75"
"06 Nov 07","5.75"
"07 Nov 07","5.75"
"08 Nov 07","5.75"
"09 Nov 07","5.75"
"12 Nov 07","5.75"
"13 Nov 07","5.75"
"14 Nov 07","5.75"
"15 Nov 07","5.75"
"16 Nov 07","5.75"
"19 Nov 07","5.75"
"20 Nov 07","5.75"
"21 Nov 07","5.75"
"22 Nov 07","5.75"
"23 Nov 07","5.75"
"26 Nov 07","5.75"
"27 Nov 07","5.75"
"28 Nov 07","5.75"
"29 Nov 07","5.75"
"30 Nov 07","5.75"
"03 Dec 07","5.75"
"04 Dec 07","5.75"
"05 Dec 07","5.75"
"06 Dec 07","5.5"
"07 Dec 07","5.5"
"10 Dec 07","5.5"
"11 Dec 07","5.5"
"12 Dec 07","5.5"
"13 Dec 07","5.5"
"14 Dec 07","5.5"
"17 Dec 07","5.5"
"18 Dec 07","5.5"
"19 Dec 07","5.5"
"20 Dec 07","5.5"
"21 Dec 07","5.5"
"24 Dec 07","5.5"
"27 Dec 07","5.5"
"28 Dec 07","5.5"
"31 Dec 07","5.5"
"02 Jan 08","5.5"
"03 Jan 08","5.5"
"04 Jan 08","5.5"
"07 Jan 08","5.5"
"08 Jan 08","5.5"
"09 Jan 08","5.5"
"10 Jan 08","5.5"
"11 Jan 08","5.5"
"14 Jan 08","5.5"
"15 Jan 08","5.5"
"16 Jan 08","5.5"
"17 Jan 08","5.5"
"18 Jan 08","5.5"
"21 Jan 08","5.5"
"22 Jan 08","5.5"
"23 Jan 08","5.5"
"24 Jan 08","5.5"
"25 Jan 08","5.5"
"28 Jan 08","5.5"
"29 Jan 08","5.5"
"30 Jan 08","5.5"
"31 Jan 08","5.5"
"01 Feb 08","5.5"
"04 Feb 08","5.5"
"05 Feb 08","5.5"
"06 Feb 08","5.5"
"07 Feb 08","5.25"
"08 Feb 08","5.25"
"11 Feb 08","5.25"
"12 Feb 08","5.25"
"13 Feb 08","5.25"
"14 Feb 08","5.25"
"15 Feb 08","5.25"
"18 Feb 08","5.25"
"19 Feb 08","5.25"
"20 Feb 08","5.25"
"21 Feb 08","5.25"
"22 Feb 08","5.25"
"25 Feb 08","5.25"
"26 Feb 08","5.25"
"27 Feb 08","5.25"
"28 Feb 08","5.25"
"29 Feb 08","5.25"
"03 Mar 08","5.25"
"04 Mar 08","5.25"
"05 Mar 08","5.25"
"06 Mar 08","5.25"
"07 Mar 08","5.25"
"10 Mar 08","5.25"
"11 Mar 08","5.25"
"12 Mar 08","5.25"
"13 Mar 08","5.25"
"14 Mar 08","5.25"
"17 Mar 08","5.25"
"18 Mar 08","5.25"
"19 Mar 08","5.25"
"20 Mar 08","5.25"
"25 Mar 08","5.25"
"26 Mar 08","5.25"
"27 Mar 08","5.25"
"28 Mar 08","5.25"
"31 Mar 08","5.25"
"01 Apr 08","5.25"
"02 Apr 08","5.25"
"03 Apr 08","5.25"
"04 Apr 08","5.25"
"07 Apr 08","5.25"
"08 Apr 08","5.25"
"09 Apr 08","5.25"
"10 Apr 08","5"
"11 Apr 08","5"
"14 Apr 08","5"
"15 Apr 08","5"
"16 Apr 08","5"
"17 Apr 08","5"
"18 Apr 08","5"
"21 Apr 08","5"
"22 Apr 08","5"
"23 Apr 08","5"
"24 Apr 08","5"
"25 Apr 08","5"
"28 Apr 08","5"
"29 Apr 08","5"
"30 Apr 08","5"
"01 May 08","5"
"02 May 08","5"
"06 May 08","5"
"07 May 08","5"
"08 May 08","5"
"09 May 08","5"
"12 May 08","5"
"13 May 08","5"
"14 May 08","5"
"15 May 08","5"
"16 May 08","5"
"19 May 08","5"
"20 May 08","5"
"21 May 08","5"
"22 May 08","5"
"23 May 08","5"
"27 May 08","5"
"28 May 08","5"
"29 May 08","5"
"30 May 08","5"
"02 Jun 08","5"
"03 Jun 08","5"
"04 Jun 08","5"
"05 Jun 08","5"
"06 Jun 08","5"
"09 Jun 08","5"
"10 Jun 08","5"
"11 Jun 08","5"
"12 Jun 08","5"
"13 Jun 08","5"
"16 Jun 08","5"
"17 Jun 08","5"
"18 Jun 08","5"
"19 Jun 08","5"
"20 Jun 08","5"
"23 Jun 08","5"
"24 Jun 08","5"
"25 Jun 08","5"
"26 Jun 08","5"
"27 Jun 08","5"
"30 Jun 08","5"
"01 Jul 08","5"
"02 Jul 08","5"
"03 Jul 08","5"
"04 Jul 08","5"
"07 Jul 08","5"
"08 Jul 08","5"
"09 Jul 08","5"
"10 Jul 08","5"
"11 Jul 08","5"
"14 Jul 08","5"
"15 Jul 08","5"
"16 Jul 08","5"
"17 Jul 08","5"
"18 Jul 08","5"
"21 Jul 08","5"
"22 Jul 08","5"
"23 Jul 08","5"
"24 Jul 08","5"
"25 Jul 08","5"
"28 Jul 08","5"
"29 Jul 08","5"
"30 Jul 08","5"
"31 Jul 08","5"
"01 Aug 08","5"
"04 Aug 08","5"
"05 Aug 08","5"
"06 Aug 08","5"
"07 Aug 08","5"
"08 Aug 08","5"
"11 Aug 08","5"
"12 Aug 08","5"
"13 Aug 08","5"
"14 Aug 08","5"
"15 Aug 08","5"
"18 Aug 08","5"
"19 Aug 08","5"
"20 Aug 08","5"
"21 Aug 08","5"
"22 Aug 08","5"
"26 Aug 08","5"
"27 Aug 08","5"
"28 Aug 08","5"
"29 Aug 08","5"
"01 Sep 08","5"
"02 Sep 08","5"
"03 Sep 08","5"
"04 Sep 08","5"
"05 Sep 08","5"
"08 Sep 08","5"
"09 Sep 08","5"
"10 Sep 08","5"
"11 Sep 08","5"
"12 Sep 08","5"
"15 Sep 08","5"
"16 Sep 08","5"
"17 Sep 08","5"
"18 Sep 08","5"
"19 Sep 08","5"
"22 Sep 08","5"
"23 Sep 08","5"
"24 Sep 08","5"
"25 Sep 08","5"
"26 Sep 08","5"
"29 Sep 08","5"
"30 Sep 08","5"
"01 Oct 08","5"
"02 Oct 08","5"
"03 Oct 08","5"
"06 Oct 08","5"
"07 Oct 08","5"
"08 Oct 08","4.5"
"09 Oct 08","4.5"
"10 Oct 08","4.5"
"13 Oct 08","4.5"
"14 Oct 08","4.5"
"15 Oct 08","4.5"
"16 Oct 08","4.5"
"17 Oct 08","4.5"
"20 Oct 08","4.5"
"21 Oct 08","4.5"
"22 Oct 08","4.5"
"23 Oct 08","4.5"
"24 Oct 08","4.5"
"27 Oct 08","4.5"
"28 Oct 08","4.5"
"29 Oct 08","4.5"
"30 Oct 08","4.5"
"31 Oct 08","4.5"
"03 Nov 08","4.5"
"04 Nov 08","4.5"
"05 Nov 08","4.5"
"06 Nov 08","3"
"07 Nov 08","3"
"10 Nov 08","3"
"11 Nov 08","3"
"12 Nov 08","3"
"13 Nov 08","3"
"14 Nov 08","3"
"17 Nov 08","3"
"18 Nov 08","3"
"19 Nov 08","3"
"20 Nov 08","3"
"21 Nov 08","3"
"24 Nov 08","3"
"25 Nov 08","3"
"26 Nov 08","3"
"27 Nov 08","3"
"28 Nov 08","3"
"01 Dec 08","3"
"02 Dec 08","3"
"03 Dec 08","3"
"04 Dec 08","2"
"05 Dec 08","2"
"08 Dec 08","2"
"09 Dec 08","2"
"10 Dec 08","2"
"11 Dec 08","2"
"12 Dec 08","2"
"15 Dec 08","2"
"16 Dec 08","2"
"17 Dec 08","2"
"18 Dec 08","2"
"19 Dec 08","2"
"22 Dec 08","2"
"23 Dec 08","2"
"24 Dec 08","2"
"29 Dec 08","2"
"30 Dec 08","2"
"31 Dec 08","2"
"02 Jan 09","2"
"05 Jan 09","2"
"06 Jan 09","2"
"07 Jan 09","2"
"08 Jan 09","1.5"
"09 Jan 09","1.5"
"12 Jan 09","1.5"
"13 Jan 09","1.5"
"14 Jan 09","1.5"
"15 Jan 09","1.5"
"16 Jan 09","1.5"
"19 Jan 09","1.5"
"20 Jan 09","1.5"
"21 Jan 09","1.5"
"22 Jan 09","1.5"
"23 Jan 09","1.5"
"26 Jan 09","1.5"
"27 Jan 09","1.5"
"28 Jan 09","1.5"
"29 Jan 09","1.5"
"30 Jan 09","1.5"
"02 Feb 09","1.5"
"03 Feb 09","1.5"
"04 Feb 09","1.5"
"05 Feb 09","1"
"06 Feb 09","1"
"09 Feb 09","1"
"10 Feb 09","1"
"11 Feb 09","1"
"12 Feb 09","1"
"13 Feb 09","1"
"16 Feb 09","1"
"17 Feb 09","1"
"18 Feb 09","1"
"19 Feb 09","1"
"20 Feb 09","1"
"23 Feb 09","1"
"24 Feb 09","1"
"25 Feb 09","1"
"26 Feb 09","1"
"27 Feb 09","1"
"02 Mar 09","1"
"03 Mar 09","1"
"04 Mar 09","1"
"05 Mar 09","0.5"
"06 Mar 09","0.5"
"09 Mar 09","0.5"
"10 Mar 09","0.5"
"11 Mar 09","0.5"
"12 Mar 09","0.5"
"13 Mar 09","0.5"
"16 Mar 09","0.5"
"17 Mar 09","0.5"
"18 Mar 09","0.5"
"19 Mar 09","0.5"
"20 Mar 09","0.5"
"23 Mar 09","0.5"
"24 Mar 09","0.5"
"25 Mar 09","0.5"
"26 Mar 09","0.5"
"27 Mar 09","0.5"
"30 Mar 09","0.5"
"31 Mar 09","0.5"
"01 Apr 09","0.5"
"02 Apr 09","0.5"
"03 Apr 09","0.5"
"06 Apr 09","0.5"
"07 Apr 09","0.5"
"08 Apr 09","0.5"
"09 Apr 09","0.5"
"14 Apr 09","0.5"
"15 Apr 09","0.5"
"16 Apr 09","0.5"
"17 Apr 09","0.5"
"20 Apr 09","0.5"
"21 Apr 09","0.5"
"22 Apr 09","0.5"
"23 Apr 09","0.5"
"24 Apr 09","0.5"
"27 Apr 09","0.5"
"28 Apr 09","0.5"
"29 Apr 09","0.5"
"30 Apr 09","0.5"
"01 May 09","0.5"
"05 May 09","0.5"
"06 May 09","0.5"
"07 May 09","0.5"
"08 May 09","0.5"
"11 May 09","0.5"
"12 May 09","0.5"
"13 May 09","0.5"
"14 May 09","0.5"
"15 May 09","0.5"
"18 May 09","0.5"
"19 May 09","0.5"
"20 May 09","0.5"
"21 May 09","0.5"
"22 May 09","0.5"
"26 May 09","0.5"
"27 May 09","0.5"
"28 May 09","0.5"
"29 May 09","0.5"
"01 Jun 09","0.5"
"02 Jun 09","0.5"
"03 Jun 09","0.5"
"04 Jun 09","0.5"
"05 Jun 09","0.5"
"08 Jun 09","0.5"
"09 Jun 09","0.5"
"10 Jun 09","0.5"
"11 Jun 09","0.5"
"12 Jun 09","0.5"
"15 Jun 09","0.5"
"16 Jun 09","0.5"
"17 Jun 09","0.5"
"18 Jun 09","0.5"
"19 Jun 09","0.5"
"22 Jun 09","0.5"
"23 Jun 09","0.5"
"24 Jun 09","0.5"
"25 Jun 09","0.5"
"26 Jun 09","0.5"
"29 Jun 09","0.5"
"30 Jun 09","0.5"
"01 Jul 09","0.5"
"02 Jul 09","0.5"
"03 Jul 09","0.5"
"06 Jul 09","0.5"
"07 Jul 09","0.5"
"08 Jul 09","0.5"
"09 Jul 09","0.5"
"10 Jul 09","0.5"
"13 Jul 09","0.5"
"14 Jul 09","0.5"
"15 Jul 09","0.5"
"16 Jul 09","0.5"
"17 Jul 09","0.5"
"20 Jul 09","0.5"
"21 Jul 09","0.5"
"22 Jul 09","0.5"
"23 Jul 09","0.5"
"24 Jul 09","0.5"
"27 Jul 09","0.5"
"28 Jul 09","0.5"
"29 Jul 09","0.5"
"30 Jul 09","0.5"
"31 Jul 09","0.5"
"03 Aug 09","0.5"
"04 Aug 09","0.5"
"05 Aug 09","0.5"
"06 Aug 09","0.5"
"07 Aug 09","0.5"
"10 Aug 09","0.5"
"11 Aug 09","0.5"
"12 Aug 09","0.5"
"13 Aug 09","0.5"
"14 Aug 09","0.5"
"17 Aug 09","0.5"
"18 Aug 09","0.5"
"19 Aug 09","0.5"
"20 Aug 09","0.5"
"21 Aug 09","0.5"
"24 Aug 09","0.5"
"25 Aug 09","0.5"
"26 Aug 09","0.5"
"27 Aug 09","0.5"
"28 Aug 09","0.5"
"01 Sep 09","0.5"
"02 Sep 09","0.5"
"03 Sep 09","0.5"
"04 Sep 09","0.5"
"07 Sep 09","0.5"
"08 Sep 09","0.5"
"09 Sep 09","0.5"
"10 Sep 09","0.5"
"11 Sep 09","0.5"
"14 Sep 09","0.5"
"15 Sep 09","0.5"
"16 Sep 09","0.5"
"17 Sep 09","0.5"
"18 Sep 09","0.5"
"21 Sep 09","0.5"
"22 Sep 09","0.5"
"23 Sep 09","0.5"
"24 Sep 09","0.5"
"25 Sep 09","0.5"
"28 Sep 09","0.5"
"29 Sep 09","0.5"
"30 Sep 09","0.5"
"01 Oct 09","0.5"
"02 Oct 09","0.5"
"05 Oct 09","0.5"
"06 Oct 09","0.5"
"07 Oct 09","0.5"
"08 Oct 09","0.5"
"09 Oct 09","0.5"
"12 Oct 09","0.5"
"13 Oct 09","0.5"
"14 Oct 09","0.5"
"15 Oct 09","0.5"
"16 Oct 09","0.5"
"19 Oct 09","0.5"
"20 Oct 09","0.5"
"21 Oct 09","0.5"
"22 Oct 09","0.5"
"23 Oct 09","0.5"
"26 Oct 09","0.5"
"27 Oct 09","0.5"
"28 Oct 09","0.5"
"29 Oct 09","0.5"
"30 Oct 09","0.5"
"02 Nov 09","0.5"
"03 Nov 09","0.5"
"04 Nov 09","0.5"
"05 Nov 09","0.5"
"06 Nov 09","0.5"
"09 Nov 09","0.5"
"10 Nov 09","0.5"
"11 Nov 09","0.5"
"12 Nov 09","0.5"
"13 Nov 09","0.5"
"16 Nov 09","0.5"
"17 Nov 09","0.5"
"18 Nov 09","0.5"
"19 Nov 09","0.5"
"20 Nov 09","0.5"
"23 Nov 09","0.5"
"24 Nov 09","0.5"
"25 Nov 09","0.5"
"26 Nov 09","0.5"
"27 Nov 09","0.5"
"30 Nov 09","0.5"
"01 Dec 09","0.5"
"02 Dec 09","0.5"
"03 Dec 09","0.5"
"04 Dec 09","0.5"
"07 Dec 09","0.5"
"08 Dec 09","0.5"
"09 Dec 09","0.5"
"10 Dec 09","0.5"
"11 Dec 09","0.5"
"14 Dec 09","0.5"
"15 Dec 09","0.5"
"16 Dec 09","0.5"
"17 Dec 09","0.5"
"18 Dec 09","0.5"
"21 Dec 09","0.5"
"22 Dec 09","0.5"
"23 Dec 09","0.5"
"24 Dec 09","0.5"
"29 Dec 09","0.5"
"30 Dec 09","0.5"
"31 Dec 09","0.5"
"04 Jan 10","0.5"
"05 Jan 10","0.5"
"06 Jan 10","0.5"
"07 Jan 10","0.5"
"08 Jan 10","0.5"
"11 Jan 10","0.5"
"12 Jan 10","0.5"
"13 Jan 10","0.5"
"14 Jan 10","0.5"
"15 Jan 10","0.5"
"18 Jan 10","0.5"
"19 Jan 10","0.5"
"20 Jan 10","0.5"
"21 Jan 10","0.5"
"22 Jan 10","0.5"
"25 Jan 10","0.5"
"26 Jan 10","0.5"
"27 Jan 10","0.5"
"28 Jan 10","0.5"
"29 Jan 10","0.5"
"01 Feb 10","0.5"
"02 Feb 10","0.5"
"03 Feb 10","0.5"
"04 Feb 10","0.5"
"05 Feb 10","0.5"
"08 Feb 10","0.5"
"09 Feb 10","0.5"
"10 Feb 10","0.5"
"11 Feb 10","0.5"
"12 Feb 10","0.5"
"15 Feb 10","0.5"
"16 Feb 10","0.5"
"17 Feb 10","0.5"
"18 Feb 10","0.5"
"19 Feb 10","0.5"
"22 Feb 10","0.5"
"23 Feb 10","0.5"
"24 Feb 10","0.5"
"25 Feb 10","0.5"
"26 Feb 10","0.5"
"01 Mar 10","0.5"
"02 Mar 10","0.5"
"03 Mar 10","0.5"
"04 Mar 10","0.5"
"05 Mar 10","0.5"
"08 Mar 10","0.5"
"09 Mar 10","0.5"
"10 Mar 10","0.5"
"11 Mar 10","0.5"
"12 Mar 10","0.5"
"15 Mar 10","0.5"
"16 Mar 10","0.5"
"17 Mar 10","0.5"
"18 Mar 10","0.5"
"19 Mar 10","0.5"
"22 Mar 10","0.5"
"23 Mar 10","0.5"
"24 Mar 10","0.5"
"25 Mar 10","0.5"
"26 Mar 10","0.5"
"29 Mar 10","0.5"
"30 Mar 10","0.5"
"31 Mar 10","0.5"
"01 Apr 10","0.5"
"06 Apr 10","0.5"
"07 Apr 10","0.5"
"08 Apr 10","0.5"
"09 Apr 10","0.5"
"12 Apr 10","0.5"
"13 Apr 10","0.5"
"14 Apr 10","0.5"
"15 Apr 10","0.5"
"16 Apr 10","0.5"
"19 Apr 10","0.5"
"20 Apr 10","0.5"
"21 Apr 10","0.5"
"22 Apr 10","0.5"
"23 Apr 10","0.5"
"26 Apr 10","0.5"
"27 Apr 10","0.5"
"28 Apr 10","0.5"
"29 Apr 10","0.5"
"30 Apr 10","0.5"
"04 May 10","0.5"
"05 May 10","0.5"
"06 May 10","0.5"
"07 May 10","0.5"
"10 May 10","0.5"
"11 May 10","0.5"
"12 May 10","0.5"
"13 May 10","0.5"
"14 May 10","0.5"
"17 May 10","0.5"
"18 May 10","0.5"
"19 May 10","0.5"
"20 May 10","0.5"
"21 May 10","0.5"
"24 May 10","0.5"
"25 May 10","0.5"
"26 May 10","0.5"
"27 May 10","0.5"
"28 May 10","0.5"
"01 Jun 10","0.5"
"02 Jun 10","0.5"
"03 Jun 10","0.5"
"04 Jun 10","0.5"
"07 Jun 10","0.5"
"08 Jun 10","0.5"
"09 Jun 10","0.5"
"10 Jun 10","0.5"
"11 Jun 10","0.5"
"14 Jun 10","0.5"
"15 Jun 10","0.5"
"16 Jun 10","0.5"
"17 Jun 10","0.5"
"18 Jun 10","0.5"
"21 Jun 10","0.5"
"22 Jun 10","0.5"
"23 Jun 10","0.5"
"24 Jun 10","0.5"
"25 Jun 10","0.5"
"28 Jun 10","0.5"
"29 Jun 10","0.5"
"30 Jun 10","0.5"
"01 Jul 10","0.5"
"02 Jul 10","0.5"
"05 Jul 10","0.5"
"06 Jul 10","0.5"
"07 Jul 10","0.5"
"08 Jul 10","0.5"
"09 Jul 10","0.5"
"12 Jul 10","0.5"
"13 Jul 10","0.5"
"14 Jul 10","0.5"
"15 Jul 10","0.5"
"16 Jul 10","0.5"
"19 Jul 10","0.5"
"20 Jul 10","0.5"
"21 Jul 10","0.5"
"22 Jul 10","0.5"
"23 Jul 10","0.5"
"26 Jul 10","0.5"
"27 Jul 10","0.5"
"28 Jul 10","0.5"
"29 Jul 10","0.5"
"30 Jul 10","0.5"
"02 Aug 10","0.5"
"03 Aug 10","0.5"
"04 Aug 10","0.5"
"05 Aug 10","0.5"
"06 Aug 10","0.5"
"09 Aug 10","0.5"
"10 Aug 10","0.5"
"11 Aug 10","0.5"
"12 Aug 10","0.5"
"13 Aug 10","0.5"
"16 Aug 10","0.5"
"17 Aug 10","0.5"
"18 Aug 10","0.5"
"19 Aug 10","0.5"
"20 Aug 10","0.5"
"23 Aug 10","0.5"
"24 Aug 10","0.5"
"25 Aug 10","0.5"
"26 Aug 10","0.5"
"27 Aug 10","0.5"
"31 Aug 10","0.5"
"01 Sep 10","0.5"
"02 Sep 10","0.5"
"03 Sep 10","0.5"
"06 Sep 10","0.5"
"07 Sep 10","0.5"
"08 Sep 10","0.5"
"09 Sep 10","0.5"
"10 Sep 10","0.5"
"13 Sep 10","0.5"
"14 Sep 10","0.5"
"15 Sep 10","0.5"
"16 Sep 10","0.5"
"17 Sep 10","0.5"
"20 Sep 10","0.5"
"21 Sep 10","0.5"
"22 Sep 10","0.5"
"23 Sep 10","0.5"
"24 Sep 10","0.5"
"27 Sep 10","0.5"
"28 Sep 10","0.5"
"29 Sep 10","0.5"
"30 Sep 10","0.5"
"01 Oct 10","0.5"
"04 Oct 10","0.5"
"05 Oct 10","0.5"
"06 Oct 10","0.5"
"07 Oct 10","0.5"
"08 Oct 10","0.5"
"11 Oct 10","0.5"
"12 Oct 10","0.5"
"13 Oct 10","0.5"
"14 Oct 10","0.5"
"15 Oct 10","0.5"
"18 Oct 10","0.5"
"19 Oct 10","0.5"
"20 Oct 10","0.5"
"21 Oct 10","0.5"
"22 Oct 10","0.5"
"25 Oct 10","0.5"
"26 Oct 10","0.5"
"27 Oct 10","0.5"
"28 Oct 10","0.5"
"29 Oct 10","0.5"
"01 Nov 10","0.5"
"02 Nov 10","0.5"
"03 Nov 10","0.5"
"04 Nov 10","0.5"
"05 Nov 10","0.5"
"08 Nov 10","0.5"
"09 Nov 10","0.5"
"10 Nov 10","0.5"
"11 Nov 10","0.5"
"12 Nov 10","0.5"
"15 Nov 10","0.5"
"16 Nov 10","0.5"
"17 Nov 10","0.5"
"18 Nov 10","0.5"
"19 Nov 10","0.5"
"22 Nov 10","0.5"
"23 Nov 10","0.5"
"24 Nov 10","0.5"
"25 Nov 10","0.5"
"26 Nov 10","0.5"
"29 Nov 10","0.5"
"30 Nov 10","0.5"
"01 Dec 10","0.5"
"02 Dec 10","0.5"
"03 Dec 10","0.5"
"06 Dec 10","0.5"
"07 Dec 10","0.5"
"08 Dec 10","0.5"
"09 Dec 10","0.5"
"10 Dec 10","0.5"
"13 Dec 10","0.5"
"14 Dec 10","0.5"
"15 Dec 10","0.5"
"16 Dec 10","0.5"
"17 Dec 10","0.5"
"20 Dec 10","0.5"
"21 Dec 10","0.5"
"22 Dec 10","0.5"
"23 Dec 10","0.5"
"24 Dec 10","0.5"
"29 Dec 10","0.5"
"30 Dec 10","0.5"
"31 Dec 10","0.5"
"04 Jan 11","0.5"
"05 Jan 11","0.5"
"06 Jan 11","0.5"
"07 Jan 11","0.5"
"10 Jan 11","0.5"
"11 Jan 11","0.5"
"12 Jan 11","0.5"
"13 Jan 11","0.5"
"14 Jan 11","0.5"
"17 Jan 11","0.5"
"18 Jan 11","0.5"
"19 Jan 11","0.5"
"20 Jan 11","0.5"
"21 Jan 11","0.5"
"24 Jan 11","0.5"
"25 Jan 11","0.5"
"26 Jan 11","0.5"
"27 Jan 11","0.5"
"28 Jan 11","0.5"
"31 Jan 11","0.5"
"01 Feb 11","0.5"
"02 Feb 11","0.5"
"03 Feb 11","0.5"
"04 Feb 11","0.5"
"07 Feb 11","0.5"
"08 Feb 11","0.5"
"09 Feb 11","0.5"
"10 Feb 11","0.5"
"11 Feb 11","0.5"
"14 Feb 11","0.5"
"15 Feb 11","0.5"
"16 Feb 11","0.5"
"17 Feb 11","0.5"
"18 Feb 11","0.5"
"21 Feb 11","0.5"
"22 Feb 11","0.5"
"23 Feb 11","0.5"
"24 Feb 11","0.5"
"25 Feb 11","0.5"
"28 Feb 11","0.5"
"01 Mar 11","0.5"
"02 Mar 11","0.5"
"03 Mar 11","0.5"
"04 Mar 11","0.5"
"07 Mar 11","0.5"
"08 Mar 11","0.5"
"09 Mar 11","0.5"
"10 Mar 11","0.5"
"11 Mar 11","0.5"
"14 Mar 11","0.5"
"15 Mar 11","0.5"
"16 Mar 11","0.5"
"17 Mar 11","0.5"
"18 Mar 11","0.5"
"21 Mar 11","0.5"
"22 Mar 11","0.5"
"23 Mar 11","0.5"
"24 Mar 11","0.5"
"25 Mar 11","0.5"
"28 Mar 11","0.5"
"29 Mar 11","0.5"
"30 Mar 11","0.5"
"31 Mar 11","0.5"
"01 Apr 11","0.5"
"04 Apr 11","0.5"
"05 Apr 11","0.5"
"06 Apr 11","0.5"
"07 Apr 11","0.5"
"08 Apr 11","0.5"
"11 Apr 11","0.5"
"12 Apr 11","0.5"
"13 Apr 11","0.5"
"14 Apr 11","0.5"
"15 Apr 11","0.5"
"18 Apr 11","0.5"
"19 Apr 11","0.5"
"20 Apr 11","0.5"
"21 Apr 11","0.5"
"26 Apr 11","0.5"
"27 Apr 11","0.5"
"28 Apr 11","0.5"
"03 May 11","0.5"
"04 May 11","0.5"
"05 May 11","0.5"
"06 May 11","0.5"
"09 May 11","0.5"
"10 May 11","0.5"
"11 May 11","0.5"
"12 May 11","0.5"
"13 May 11","0.5"
"16 May 11","0.5"
"17 May 11","0.5"
"18 May 11","0.5"
"19 May 11","0.5"
"20 May 11","0.5"
"23 May 11","0.5"
"24 May 11","0.5"
"25 May 11","0.5"
"26 May 11","0.5"
"27 May 11","0.5"
"31 May 11","0.5"
"01 Jun 11","0.5"
"02 Jun 11","0.5"
"03 Jun 11","0.5"
"06 Jun 11","0.5"
"07 Jun 11","0.5"
"08 Jun 11","0.5"
"09 Jun 11","0.5"
"10 Jun 11","0.5"
"13 Jun 11","0.5"
"14 Jun 11","0.5"
"15 Jun 11","0.5"
"16 Jun 11","0.5"
"17 Jun 11","0.5"
"20 Jun 11","0.5"
"21 Jun 11","0.5"
"22 Jun 11","0.5"
"23 Jun 11","0.5"
"24 Jun 11","0.5"
"27 Jun 11","0.5"
"28 Jun 11","0.5"
"29 Jun 11","0.5"
"30 Jun 11","0.5"
"01 Jul 11","0.5"
"04 Jul 11","0.5"
"05 Jul 11","0.5"
"06 Jul 11","0.5"
"07 Jul 11","0.5"
"08 Jul 11","0.5"
"11 Jul 11","0.5"
"12 Jul 11","0.5"
"13 Jul 11","0.5"
"14 Jul 11","0.5"
"15 Jul 11","0.5"
"18 Jul 11","0.5"
"19 Jul 11","0.5"
"20 Jul 11","0.5"
"21 Jul 11","0.5"
"22 Jul 11","0.5"
"25 Jul 11","0.5"
"26 Jul 11","0.5"
"27 Jul 11","0.5"
"28 Jul 11","0.5"
"29 Jul 11","0.5"
"01 Aug 11","0.5"
"02 Aug 11","0.5"
"03 Aug 11","0.5"
"04 Aug 11","0.5"
"05 Aug 11","0.5"
"08 Aug 11","0.5"
"09 Aug 11","0.5"
"10 Aug 11","0.5"
"11 Aug 11","0.5"
"12 Aug 11","0.5"
"15 Aug 11","0.5"
"16 Aug 11","0.5"
"17 Aug 11","0.5"
"18 Aug 11","0.5"
"19 Aug 11","0.5"
"22 Aug 11","0.5"
"23 Aug 11","0.5"
"24 Aug 11","0.5"
"25 Aug 11","0.5"
"26 Aug 11","0.5"
"30 Aug 11","0.5"
"31 Aug 11","0.5"
"01 Sep 11","0.5"
"02 Sep 11","0.5"
"05 Sep 11","0.5"
"06 Sep 11","0.5"
"07 Sep 11","0.5"
"08 Sep 11","0.5"
"09 Sep 11","0.5"
"12 Sep 11","0.5"
"13 Sep 11","0.5"
"14 Sep 11","0.5"
"15 Sep 11","0.5"
"16 Sep 11","0.5"
"19 Sep 11","0.5"
"20 Sep 11","0.5"
"21 Sep 11","0.5"
"22 Sep 11","0.5"
"23 Sep 11","0.5"
"26 Sep 11","0.5"
"27 Sep 11","0.5"
"28 Sep 11","0.5"
"29 Sep 11","0.5"
"30 Sep 11","0.5"
"03 Oct 11","0.5"
"04 Oct 11","0.5"
"05 Oct 11","0.5"
"06 Oct 11","0.5"
"07 Oct 11","0.5"
"10 Oct 11","0.5"
"11 Oct 11","0.5"
"12 Oct 11","0.5"
"13 Oct 11","0.5"
"14 Oct 11","0.5"
"17 Oct 11","0.5"
"18 Oct 11","0.5"
"19 Oct 11","0.5"
"20 Oct 11","0.5"
"21 Oct 11","0.5"
"24 Oct 11","0.5"
"25 Oct 11","0.5"
"26 Oct 11","0.5"
"27 Oct 11","0.5"
"28 Oct 11","0.5"
"31 Oct 11","0.5"
"01 Nov 11","0.5"
"02 Nov 11","0.5"
"03 Nov 11","0.5"
"04 Nov 11","0.5"
"07 Nov 11","0.5"
"08 Nov 11","0.5"
"09 Nov 11","0.5"
"10 Nov 11","0.5"
"11 Nov 11","0.5"
"14 Nov 11","0.5"
"15 Nov 11","0.5"
"16 Nov 11","0.5"
"17 Nov 11","0.5"
"18 Nov 11","0.5"
"21 Nov 11","0.5"
"22 Nov 11","0.5"
"23 Nov 11","0.5"
"24 Nov 11","0.5"
"25 Nov 11","0.5"
"28 Nov 11","0.5"
"29 Nov 11","0.5"
"30 Nov 11","0.5"
"01 Dec 11","0.5"
"02 Dec 11","0.5"
"05 Dec 11","0.5"
"06 Dec 11","0.5"
"07 Dec 11","0.5"
"08 Dec 11","0.5"
"09 Dec 11","0.5"
"12 Dec 11","0.5"
"13 Dec 11","0.5"
"14 Dec 11","0.5"
"15 Dec 11","0.5"
"16 Dec 11","0.5"
"19 Dec 11","0.5"
"20 Dec 11","0.5"
"21 Dec 11","0.5"
"22 Dec 11","0.5"
"23 Dec 11","0.5"
"28 Dec 11","0.5"
"29 Dec 11","0.5"
"30 Dec 11","0.5"
"03 Jan 12","0.5"
"04 Jan 12","0.5"
"05 Jan 12","0.5"
"06 Jan 12","0.5"
"09 Jan 12","0.5"
"10 Jan 12","0.5"
"11 Jan 12","0.5"
"12 Jan 12","0.5"
"13 Jan 12","0.5"
"16 Jan 12","0.5"
"17 Jan 12","0.5"
"18 Jan 12","0.5"
"19 Jan 12","0.5"
"20 Jan 12","0.5"
"23 Jan 12","0.5"
"24 Jan 12","0.5"
"25 Jan 12","0.5"
"26 Jan 12","0.5"
"27 Jan 12","0.5"
"30 Jan 12","0.5"
"31 Jan 12","0.5"
"01 Feb 12","0.5"
"02 Feb 12","0.5"
"03 Feb 12","0.5"
"06 Feb 12","0.5"
"07 Feb 12","0.5"
"08 Feb 12","0.5"
"09 Feb 12","0.5"
"10 Feb 12","0.5"
"13 Feb 12","0.5"
"14 Feb 12","0.5"
"15 Feb 12","0.5"
"16 Feb 12","0.5"
"17 Feb 12","0.5"
"20 Feb 12","0.5"
"21 Feb 12","0.5"
"22 Feb 12","0.5"
"23 Feb 12","0.5"
"24 Feb 12","0.5"
"27 Feb 12","0.5"
"28 Feb 12","0.5"
"29 Feb 12","0.5"
"01 Mar 12","0.5"
"02 Mar 12","0.5"
"05 Mar 12","0.5"
"06 Mar 12","0.5"
"07 Mar 12","0.5"
"08 Mar 12","0.5"
"09 Mar 12","0.5"
"12 Mar 12","0.5"
"13 Mar 12","0.5"
"14 Mar 12","0.5"
"15 Mar 12","0.5"
"16 Mar 12","0.5"
"19 Mar 12","0.5"
"20 Mar 12","0.5"
"21 Mar 12","0.5"
"22 Mar 12","0.5"
"23 Mar 12","0.5"
"26 Mar 12","0.5"
"27 Mar 12","0.5"
"28 Mar 12","0.5"
"29 Mar 12","0.5"
"30 Mar 12","0.5"
"02 Apr 12","0.5"
"03 Apr 12","0.5"
"04 Apr 12","0.5"
"05 Apr 12","0.5"
"10 Apr 12","0.5"
"11 Apr 12","0.5"
"12 Apr 12","0.5"
"13 Apr 12","0.5"
"16 Apr 12","0.5"
"17 Apr 12","0.5"
"18 Apr 12","0.5"
"19 Apr 12","0.5"
"20 Apr 12","0.5"
"23 Apr 12","0.5"
"24 Apr 12","0.5"
"25 Apr 12","0.5"
"26 Apr 12","0.5"
"27 Apr 12","0.5"
"30 Apr 12","0.5"
"01 May 12","0.5"
"02 May 12","0.5"
"03 May 12","0.5"
"04 May 12","0.5"
"08 May 12","0.5"
"09 May 12","0.5"
"10 May 12","0.5"
"11 May 12","0.5"
"14 May 12","0.5"
"15 May 12","0.5"
"16 May 12","0.5"
"17 May 12","0.5"
"18 May 12","0.5"
"21 May 12","0.5"
"22 May 12","0.5"
"23 May 12","0.5"
"24 May 12","0.5"
"25 May 12","0.5"
"28 May 12","0.5"
"29 May 12","0.5"
"30 May 12","0.5"
"31 May 12","0.5"
"01 Jun 12","0.5"
"06 Jun 12","0.5"
"07 Jun 12","0.5"
"08 Jun 12","0.5"
"11 Jun 12","0.5"
"12 Jun 12","0.5"
"13 Jun 12","0.5"
"14 Jun 12","0.5"
"15 Jun 12","0.5"
"18 Jun 12","0.5"
"19 Jun 12","0.5"
"20 Jun 12","0.5"
"21 Jun 12","0.5"
"22 Jun 12","0.5"
"25 Jun 12","0.5"
"26 Jun 12","0.5"
"27 Jun 12","0.5"
"28 Jun 12","0.5"
"29 Jun 12","0.5"
"02 Jul 12","0.5"
"03 Jul 12","0.5"
"04 Jul 12","0.5"
"05 Jul 12","0.5"
"06 Jul 12","0.5"
"09 Jul 12","0.5"
"10 Jul 12","0.5"
"11 Jul 12","0.5"
"12 Jul 12","0.5"
"13 Jul 12","0.5"
"16 Jul 12","0.5"
"17 Jul 12","0.5"
"18 Jul 12","0.5"
"19 Jul 12","0.5"
"20 Jul 12","0.5"
"23 Jul 12","0.5"
"24 Jul 12","0.5"
"25 Jul 12","0.5"
"26 Jul 12","0.5"
"27 Jul 12","0.5"
"30 Jul 12","0.5"
"31 Jul 12","0.5"
"01 Aug 12","0.5"
"02 Aug 12","0.5"
"03 Aug 12","0.5"
"06 Aug 12","0.5"
"07 Aug 12","0.5"
"08 Aug 12","0.5"
"09 Aug 12","0.5"
"10 Aug 12","0.5"
"13 Aug 12","0.5"
"14 Aug 12","0.5"
"15 Aug 12","0.5"
"16 Aug 12","0.5"
"17 Aug 12","0.5"
"20 Aug 12","0.5"
"21 Aug 12","0.5"
"22 Aug 12","0.5"
"23 Aug 12","0.5"
"24 Aug 12","0.5"
"28 Aug 12","0.5"
"29 Aug 12","0.5"
"30 Aug 12","0.5"
"31 Aug 12","0.5"
"03 Sep 12","0.5"
"04 Sep 12","0.5"
"05 Sep 12","0.5"
"06 Sep 12","0.5"
"07 Sep 12","0.5"
"10 Sep 12","0.5"
"11 Sep 12","0.5"
"12 Sep 12","0.5"
"13 Sep 12","0.5"
"14 Sep 12","0.5"
"17 Sep 12","0.5"
"18 Sep 12","0.5"
"19 Sep 12","0.5"
"20 Sep 12","0.5"
"21 Sep 12","0.5"
"24 Sep 12","0.5"
"25 Sep 12","0.5"
"26 Sep 12","0.5"
"27 Sep 12","0.5"
"28 Sep 12","0.5"
"01 Oct 12","0.5"
"02 Oct 12","0.5"
"03 Oct 12","0.5"
"04 Oct 12","0.5"
"05 Oct 12","0.5"
"08 Oct 12","0.5"
"09 Oct 12","0.5"
"10 Oct 12","0.5"
"11 Oct 12","0.5"
"12 Oct 12","0.5"
"15 Oct 12","0.5"
"16 Oct 12","0.5"
"17 Oct 12","0.5"
"18 Oct 12","0.5"
"19 Oct 12","0.5"
"22 Oct 12","0.5"
"23 Oct 12","0.5"
"24 Oct 12","0.5"
"25 Oct 12","0.5"
"26 Oct 12","0.5"
"29 Oct 12","0.5"
"30 Oct 12","0.5"
"31 Oct 12","0.5"
"01 Nov 12","0.5"
"02 Nov 12","0.5"
"05 Nov 12","0.5"
"06 Nov 12","0.5"
"07 Nov 12","0.5"
"08 Nov 12","0.5"
"09 Nov 12","0.5"
"12 Nov 12","0.5"
"13 Nov 12","0.5"
"14 Nov 12","0.5"
"15 Nov 12","0.5"
"16 Nov 12","0.5"
"19 Nov 12","0.5"
"20 Nov 12","0.5"
"21 Nov 12","0.5"
"22 Nov 12","0.5"
"23 Nov 12","0.5"
"26 Nov 12","0.5"
"27 Nov 12","0.5"
"28 Nov 12","0.5"
"29 Nov 12","0.5"
"30 Nov 12","0.5"
"03 Dec 12","0.5"
"04 Dec 12","0.5"
"05 Dec 12","0.5"
"06 Dec 12","0.5"
"07 Dec 12","0.5"
"10 Dec 12","0.5"
"11 Dec 12","0.5"
"12 Dec 12","0.5"
"13 Dec 12","0.5"
"14 Dec 12","0.5"
"17 Dec 12","0.5"
"18 Dec 12","0.5"
"19 Dec 12","0.5"
"20 Dec 12","0.5"
"21 Dec 12","0.5"
"24 Dec 12","0.5"
"27 Dec 12","0.5"
"28 Dec 12","0.5"
"31 Dec 12","0.5"
"02 Jan 13","0.5"
"03 Jan 13","0.5"
"04 Jan 13","0.5"
"07 Jan 13","0.5"
"08 Jan 13","0.5"
"09 Jan 13","0.5"
"10 Jan 13","0.5"
"11 Jan 13","0.5"
"14 Jan 13","0.5"
"15 Jan 13","0.5"
"16 Jan 13","0.5"
"17 Jan 13","0.5"
"18 Jan 13","0.5"
"21 Jan 13","0.5"
"22 Jan 13","0.5"
"23 Jan 13","0.5"
"24 Jan 13","0.5"
"25 Jan 13","0.5"
"28 Jan 13","0.5"
"29 Jan 13","0.5"
"30 Jan 13","0.5"
"31 Jan 13","0.5"
"01 Feb 13","0.5"
"04 Feb 13","0.5"
"05 Feb 13","0.5"
"06 Feb 13","0.5"
"07 Feb 13","0.5"
"08 Feb 13","0.5"
"11 Feb 13","0.5"
"12 Feb 13","0.5"
"13 Feb 13","0.5"
"14 Feb 13","0.5"
"15 Feb 13","0.5"
"18 Feb 13","0.5"
"19 Feb 13","0.5"
"20 Feb 13","0.5"
"21 Feb 13","0.5"
"22 Feb 13","0.5"
"25 Feb 13","0.5"
"26 Feb 13","0.5"
"27 Feb 13","0.5"
"28 Feb 13","0.5"
"01 Mar 13","0.5"
"04 Mar 13","0.5"
"05 Mar 13","0.5"
"06 Mar 13","0.5"
"07 Mar 13","0.5"
"08 Mar 13","0.5"
"11 Mar 13","0.5"
"12 Mar 13","0.5"
"13 Mar 13","0.5"
"14 Mar 13","0.5"
"15 Mar 13","0.5"
"18 Mar 13","0.5"
"19 Mar 13","0.5"
"20 Mar 13","0.5"
"21 Mar 13","0.5"
"22 Mar 13","0.5"
"25 Mar 13","0.5"
"26 Mar 13","0.5"
"27 Mar 13","0.5"
"28 Mar 13","0.5"
"02 Apr 13","0.5"
"03 Apr 13","0.5"
"04 Apr 13","0.5"
"05 Apr 13","0.5"
"08 Apr 13","0.5"
"09 Apr 13","0.5"
"10 Apr 13","0.5"
"11 Apr 13","0.5"
"12 Apr 13","0.5"
"15 Apr 13","0.5"
"16 Apr 13","0.5"
"17 Apr 13","0.5"
"18 Apr 13","0.5"
"19 Apr 13","0.5"
"22 Apr 13","0.5"
"23 Apr 13","0.5"
"24 Apr 13","0.5"
"25 Apr 13","0.5"
"26 Apr 13","0.5"
"29 Apr 13","0.5"
"30 Apr 13","0.5"
"01 May 13","0.5"
"02 May 13","0.5"
"03 May 13","0.5"
"07 May 13","0.5"
"08 May 13","0.5"
"09 May 13","0.5"
"10 May 13","0.5"
"13 May 13","0.5"
"14 May 13","0.5"
"15 May 13","0.5"
"16 May 13","0.5"
"17 May 13","0.5"
"20 May 13","0.5"
"21 May 13","0.5"
"22 May 13","0.5"
"23 May 13","0.5"
"24 May 13","0.5"
"28 May 13","0.5"
"29 May 13","0.5"
"30 May 13","0.5"
"31 May 13","0.5"
"03 Jun 13","0.5"
"04 Jun 13","0.5"
"05 Jun 13","0.5"
"06 Jun 13","0.5"
"07 Jun 13","0.5"
"10 Jun 13","0.5"
"11 Jun 13","0.5"
"12 Jun 13","0.5"
"13 Jun 13","0.5"
"14 Jun 13","0.5"
"17 Jun 13","0.5"
"18 Jun 13","0.5"
"19 Jun 13","0.5"
"20 Jun 13","0.5"
"21 Jun 13","0.5"
"24 Jun 13","0.5"
"25 Jun 13","0.5"
"26 Jun 13","0.5"
"27 Jun 13","0.5"
"28 Jun 13","0.5"
"01 Jul 13","0.5"
"02 Jul 13","0.5"
"03 Jul 13","0.5"
"04 Jul 13","0.5"
"05 Jul 13","0.5"
"08 Jul 13","0.5"
"09 Jul 13","0.5"
"10 Jul 13","0.5"
"11 Jul 13","0.5"
"12 Jul 13","0.5"
"15 Jul 13","0.5"
"16 Jul 13","0.5"
"17 Jul 13","0.5"
"18 Jul 13","0.5"
"19 Jul 13","0.5"
"22 Jul 13","0.5"
"23 Jul 13","0.5"
"24 Jul 13","0.5"
"25 Jul 13","0.5"
"26 Jul 13","0.5"
"29 Jul 13","0.5"
"30 Jul 13","0.5"
"31 Jul 13","0.5"
"01 Aug 13","0.5"
"02 Aug 13","0.5"
"05 Aug 13","0.5"
"06 Aug 13","0.5"
"07 Aug 13","0.5"
"08 Aug 13","0.5"
"09 Aug 13","0.5"
"12 Aug 13","0.5"
"13 Aug 13","0.5"
"14 Aug 13","0.5"
"15 Aug 13","0.5"
"16 Aug 13","0.5"
"19 Aug 13","0.5"
"20 Aug 13","0.5"
"21 Aug 13","0.5"
"22 Aug 13","0.5"
"23 Aug 13","0.5"
"27 Aug 13","0.5"
"28 Aug 13","0.5"
"29 Aug 13","0.5"
"30 Aug 13","0.5"
"02 Sep 13","0.5"
"03 Sep 13","0.5"
"04 Sep 13","0.5"
"05 Sep 13","0.5"
"06 Sep 13","0.5"
"09 Sep 13","0.5"
"10 Sep 13","0.5"
"11 Sep 13","0.5"
"12 Sep 13","0.5"
"13 Sep 13","0.5"
"16 Sep 13","0.5"
"17 Sep 13","0.5"
"18 Sep 13","0.5"
"19 Sep 13","0.5"
"20 Sep 13","0.5"
"23 Sep 13","0.5"
"24 Sep 13","0.5"
"25 Sep 13","0.5"
"26 Sep 13","0.5"
"27 Sep 13","0.5"
"30 Sep 13","0.5"
"01 Oct 13","0.5"
"02 Oct 13","0.5"
"03 Oct 13","0.5"
"04 Oct 13","0.5"
"07 Oct 13","0.5"
"08 Oct 13","0.5"
"09 Oct 13","0.5"
"10 Oct 13","0.5"
"11 Oct 13","0.5"
"14 Oct 13","0.5"
"15 Oct 13","0.5"
"16 Oct 13","0.5"
"17 Oct 13","0.5"
"18 Oct 13","0.5"
"21 Oct 13","0.5"
"22 Oct 13","0.5"
"23 Oct 13","0.5"
"24 Oct 13","0.5"
"25 Oct 13","0.5"
"28 Oct 13","0.5"
"29 Oct 13","0.5"
"30 Oct 13","0.5"
"31 Oct 13","0.5"
"01 Nov 13","0.5"
"04 Nov 13","0.5"
"05 Nov 13","0.5"
"06 Nov 13","0.5"
"07 Nov 13","0.5"
"08 Nov 13","0.5"
"11 Nov 13","0.5"
"12 Nov 13","0.5"
"13 Nov 13","0.5"
"14 Nov 13","0.5"
"15 Nov 13","0.5"
"18 Nov 13","0.5"
"19 Nov 13","0.5"
"20 Nov 13","0.5"
"21 Nov 13","0.5"
"22 Nov 13","0.5"
"25 Nov 13","0.5"
"26 Nov 13","0.5"
"27 Nov 13","0.5"
"28 Nov 13","0.5"
"29 Nov 13","0.5"
"02 Dec 13","0.5"
"03 Dec 13","0.5"
"04 Dec 13","0.5"
"05 Dec 13","0.5"
"06 Dec 13","0.5"
"09 Dec 13","0.5"
"10 Dec 13","0.5"
"11 Dec 13","0.5"
"12 Dec 13","0.5"
"13 Dec 13","0.5"
"16 Dec 13","0.5"
"17 Dec 13","0.5"
"18 Dec 13","0.5"
"19 Dec 13","0.5"
"20 Dec 13","0.5"
"23 Dec 13","0.5"
"24 Dec 13","0.5"
"27 Dec 13","0.5"
"30 Dec 13","0.5"
"31 Dec 13","0.5"
"02 Jan 14","0.5"
"03 Jan 14","0.5"
"06 Jan 14","0.5"
"07 Jan 14","0.5"
"08 Jan 14","0.5"
"09 Jan 14","0.5"
"10 Jan 14","0.5"
"13 Jan 14","0.5"
"14 Jan 14","0.5"
"15 Jan 14","0.5"
"16 Jan 14","0.5"
"17 Jan 14","0.5"
"20 Jan 14","0.5"
"21 Jan 14","0.5"
"22 Jan 14","0.5"
"23 Jan 14","0.5"
"24 Jan 14","0.5"
"27 Jan 14","0.5"
"28 Jan 14","0.5"
"29 Jan 14","0.5"
"30 Jan 14","0.5"
"31 Jan 14","0.5"
"03 Feb 14","0.5"
"04 Feb 14","0.5"
"05 Feb 14","0.5"
"06 Feb 14","0.5"
"07 Feb 14","0.5"
"10 Feb 14","0.5"
"11 Feb 14","0.5"
"12 Feb 14","0.5"
"13 Feb 14","0.5"
"14 Feb 14","0.5"
"17 Feb 14","0.5"
"18 Feb 14","0.5"
"19 Feb 14","0.5"
"20 Feb 14","0.5"
"21 Feb 14","0.5"
"24 Feb 14","0.5"
"25 Feb 14","0.5"
"26 Feb 14","0.5"
"27 Feb 14","0.5"
"28 Feb 14","0.5"
"03 Mar 14","0.5"
"04 Mar 14","0.5"
"05 Mar 14","0.5"
"06 Mar 14","0.5"
"07 Mar 14","0.5"
"10 Mar 14","0.5"
"11 Mar 14","0.5"
"12 Mar 14","0.5"
"13 Mar 14","0.5"
"14 Mar 14","0.5"
"17 Mar 14","0.5"
"18 Mar 14","0.5"
"19 Mar 14","0.5"
"20 Mar 14","0.5"
"21 Mar 14","0.5"
"24 Mar 14","0.5"
"25 Mar 14","0.5"
"26 Mar 14","0.5"
"27 Mar 14","0.5"
"28 Mar 14","0.5"
"31 Mar 14","0.5"
"01 Apr 14","0.5"
"02 Apr 14","0.5"
"03 Apr 14","0.5"
"04 Apr 14","0.5"
"07 Apr 14","0.5"
"08 Apr 14","0.5"
"09 Apr 14","0.5"
"10 Apr 14","0.5"
"11 Apr 14","0.5"
"14 Apr 14","0.5"
"15 Apr 14","0.5"
"16 Apr 14","0.5"
"17 Apr 14","0.5"
"22 Apr 14","0.5"
"23 Apr 14","0.5"
"24 Apr 14","0.5"
"25 Apr 14","0.5"
"28 Apr 14","0.5"
"29 Apr 14","0.5"
"30 Apr 14","0.5"
"01 May 14","0.5"
"02 May 14","0.5"
"06 May 14","0.5"
"07 May 14","0.5"
"08 May 14","0.5"
"09 May 14","0.5"
"12 May 14","0.5"
"13 May 14","0.5"
"14 May 14","0.5"
"15 May 14","0.5"
"16 May 14","0.5"
"19 May 14","0.5"
"20 May 14","0.5"
"21 May 14","0.5"
"22 May 14","0.5"
"23 May 14","0.5"
"27 May 14","0.5"
"28 May 14","0.5"
"29 May 14","0.5"
"30 May 14","0.5"
"02 Jun 14","0.5"
"03 Jun 14","0.5"
"04 Jun 14","0.5"
"05 Jun 14","0.5"
"06 Jun 14","0.5"
"09 Jun 14","0.5"
"10 Jun 14","0.5"
"11 Jun 14","0.5"
"12 Jun 14","0.5"
"13 Jun 14","0.5"
"16 Jun 14","0.5"
"17 Jun 14","0.5"
"18 Jun 14","0.5"
"19 Jun 14","0.5"
"20 Jun 14","0.5"
"23 Jun 14","0.5"
"24 Jun 14","0.5"
"25 Jun 14","0.5"
"26 Jun 14","0.5"
"27 Jun 14","0.5"
"30 Jun 14","0.5"
"01 Jul 14","0.5"
"02 Jul 14","0.5"
"03 Jul 14","0.5"
"04 Jul 14","0.5"
"07 Jul 14","0.5"
"08 Jul 14","0.5"
"09 Jul 14","0.5"
"10 Jul 14","0.5"
"11 Jul 14","0.5"
"14 Jul 14","0.5"
"15 Jul 14","0.5"
"16 Jul 14","0.5"
"17 Jul 14","0.5"
"18 Jul 14","0.5"
"21 Jul 14","0.5"
"22 Jul 14","0.5"
"23 Jul 14","0.5"
"24 Jul 14","0.5"
"25 Jul 14","0.5"
"28 Jul 14","0.5"
"29 Jul 14","0.5"
"30 Jul 14","0.5"
"31 Jul 14","0.5"
"01 Aug 14","0.5"
"04 Aug 14","0.5"
"05 Aug 14","0.5"
"06 Aug 14","0.5"
"07 Aug 14","0.5"
"08 Aug 14","0.5"
"11 Aug 14","0.5"
"12 Aug 14","0.5"
"13 Aug 14","0.5"
"14 Aug 14","0.5"
"15 Aug 14","0.5"
"18 Aug 14","0.5"
"19 Aug 14","0.5"
"20 Aug 14","0.5"
"21 Aug 14","0.5"
"22 Aug 14","0.5"
"26 Aug 14","0.5"
"27 Aug 14","0.5"
"28 Aug 14","0.5"
"29 Aug 14","0.5"
"01 Sep 14","0.5"
"02 Sep 14","0.5"
"03 Sep 14","0.5"
"04 Sep 14","0.5"
"05 Sep 14","0.5"
"08 Sep 14","0.5"
"09 Sep 14","0.5"
"10 Sep 14","0.5"
"11 Sep 14","0.5"
"12 Sep 14","0.5"
"15 Sep 14","0.5"
"16 Sep 14","0.5"
"17 Sep 14","0.5"
"18 Sep 14","0.5"
"19 Sep 14","0.5"
"22 Sep 14","0.5"
"23 Sep 14","0.5"
"24 Sep 14","0.5"
"25 Sep 14","0.5"
"26 Sep 14","0.5"
"29 Sep 14","0.5"
"30 Sep 14","0.5"
"01 Oct 14","0.5"
"02 Oct 14","0.5"
"03 Oct 14","0.5"
"06 Oct 14","0.5"
"07 Oct 14","0.5"
"08 Oct 14","0.5"
"09 Oct 14","0.5"
"10 Oct 14","0.5"
"13 Oct 14","0.5"
"14 Oct 14","0.5"
"15 Oct 14","0.5"
"16 Oct 14","0.5"
"17 Oct 14","0.5"
"20 Oct 14","0.5"
"21 Oct 14","0.5"
"22 Oct 14","0.5"
"23 Oct 14","0.5"
"24 Oct 14","0.5"
"27 Oct 14","0.5"
"28 Oct 14","0.5"
"29 Oct 14","0.5"
"30 Oct 14","0.5"
"31 Oct 14","0.5"
"03 Nov 14","0.5"
"04 Nov 14","0.5"
"05 Nov 14","0.5"
"06 Nov 14","0.5"
"07 Nov 14","0.5"
"10 Nov 14","0.5"
"11 Nov 14","0.5"
"12 Nov 14","0.5"
"13 Nov 14","0.5"
"14 Nov 14","0.5"
"17 Nov 14","0.5"
"18 Nov 14","0.5"
"19 Nov 14","0.5"
"20 Nov 14","0.5"
"21 Nov 14","0.5"
"24 Nov 14","0.5"
"25 Nov 14","0.5"
"26 Nov 14","0.5"
"27 Nov 14","0.5"
"28 Nov 14","0.5"
"01 Dec 14","0.5"
"02 Dec 14","0.5"
"03 Dec 14","0.5"
"04 Dec 14","0.5"
"05 Dec 14","0.5"
"08 Dec 14","0.5"
"09 Dec 14","0.5"
"10 Dec 14","0.5"
"11 Dec 14","0.5"
"12 Dec 14","0.5"
"15 Dec 14","0.5"
"16 Dec 14","0.5"
"17 Dec 14","0.5"
"18 Dec 14","0.5"
"19 Dec 14","0.5"
"22 Dec 14","0.5"
"23 Dec 14","0.5"
"24 Dec 14","0.5"
"29 Dec 14","0.5"
"30 Dec 14","0.5"
"31 Dec 14","0.5"
"02 Jan 15","0.5"
"05 Jan 15","0.5"
"06 Jan 15","0.5"
"07 Jan 15","0.5"
"08 Jan 15","0.5"
"09 Jan 15","0.5"
"12 Jan 15","0.5"
"13 Jan 15","0.5"
"14 Jan 15","0.5"
"15 Jan 15","0.5"
"16 Jan 15","0.5"
"19 Jan 15","0.5"
"20 Jan 15","0.5"
"21 Jan 15","0.5"
"22 Jan 15","0.5"
"23 Jan 15","0.5"
"26 Jan 15","0.5"
"27 Jan 15","0.5"
"28 Jan 15","0.5"
"29 Jan 15","0.5"
"30 Jan 15","0.5"
"02 Feb 15","0.5"
"03 Feb 15","0.5"
"04 Feb 15","0.5"
"05 Feb 15","0.5"
"06 Feb 15","0.5"
"09 Feb 15","0.5"
"10 Feb 15","0.5"
"11 Feb 15","0.5"
"12 Feb 15","0.5"
"13 Feb 15","0.5"
"16 Feb 15","0.5"
"17 Feb 15","0.5"
"18 Feb 15","0.5"
"19 Feb 15","0.5"
"20 Feb 15","0.5"
"23 Feb 15","0.5"
"24 Feb 15","0.5"
"25 Feb 15","0.5"
"26 Feb 15","0.5"
"27 Feb 15","0.5"
"02 Mar 15","0.5"
"03 Mar 15","0.5"
"04 Mar 15","0.5"
"05 Mar 15","0.5"
"06 Mar 15","0.5"
"09 Mar 15","0.5"
"10 Mar 15","0.5"
"11 Mar 15","0.5"
"12 Mar 15","0.5"
"13 Mar 15","0.5"
"16 Mar 15","0.5"
"17 Mar 15","0.5"
"18 Mar 15","0.5"
"19 Mar 15","0.5"
"20 Mar 15","0.5"
"23 Mar 15","0.5"
"24 Mar 15","0.5"
"25 Mar 15","0.5"
"26 Mar 15","0.5"
"27 Mar 15","0.5"
"30 Mar 15","0.5"
"31 Mar 15","0.5"
"01 Apr 15","0.5"
"02 Apr 15","0.5"
"07 Apr 15","0.5"
"08 Apr 15","0.5"
"09 Apr 15","0.5"
"10 Apr 15","0.5"
"13 Apr 15","0.5"
"14 Apr 15","0.5"
"15 Apr 15","0.5"
"16 Apr 15","0.5"
"17 Apr 15","0.5"
"20 Apr 15","0.5"
"21 Apr 15","0.5"
"22 Apr 15","0.5"
"23 Apr 15","0.5"
"24 Apr 15","0.5"
"27 Apr 15","0.5"
"28 Apr 15","0.5"
"29 Apr 15","0.5"
"30 Apr 15","0.5"
"01 May 15","0.5"
"05 May 15","0.5"
"06 May 15","0.5"
"07 May 15","0.5"
"08 May 15","0.5"
"11 May 15","0.5"
"12 May 15","0.5"
"13 May 15","0.5"
"14 May 15","0.5"
"15 May 15","0.5"
"18 May 15","0.5"
"19 May 15","0.5"
"20 May 15","0.5"
"21 May 15","0.5"
"22 May 15","0.5"
"26 May 15","0.5"
"27 May 15","0.5"
"28 May 15","0.5"
"29 May 15","0.5"
"01 Jun 15","0.5"
"02 Jun 15","0.5"
"03 Jun 15","0.5"
"04 Jun 15","0.5"
"05 Jun 15","0.5"
"08 Jun 15","0.5"
"09 Jun 15","0.5"
"10 Jun 15","0.5"
"11 Jun 15","0.5"
"12 Jun 15","0.5"
"15 Jun 15","0.5"
"16 Jun 15","0.5"
"17 Jun 15","0.5"
"18 Jun 15","0.5"
"19 Jun 15","0.5"
"22 Jun 15","0.5"
"23 Jun 15","0.5"
"24 Jun 15","0.5"
"25 Jun 15","0.5"
"26 Jun 15","0.5"
"29 Jun 15","0.5"
"30 Jun 15","0.5"
"01 Jul 15","0.5"
"02 Jul 15","0.5"
"03 Jul 15","0.5"
"06 Jul 15","0.5"
"07 Jul 15","0.5"
"08 Jul 15","0.5"
"09 Jul 15","0.5"
"10 Jul 15","0.5"
"13 Jul 15","0.5"
"14 Jul 15","0.5"
"15 Jul 15","0.5"
"16 Jul 15","0.5"
"17 Jul 15","0.5"
"20 Jul 15","0.5"
"21 Jul 15","0.5"
"22 Jul 15","0.5"
"23 Jul 15","0.5"
"24 Jul 15","0.5"
"27 Jul 15","0.5"
"28 Jul 15","0.5"
"29 Jul 15","0.5"
"30 Jul 15","0.5"
"31 Jul 15","0.5"
"03 Aug 15","0.5"
"04 Aug 15","0.5"
"05 Aug 15","0.5"
"06 Aug 15","0.5"
"07 Aug 15","0.5"
"10 Aug 15","0.5"
"11 Aug 15","0.5"
"12 Aug 15","0.5"
"13 Aug 15","0.5"
"14 Aug 15","0.5"
"17 Aug 15","0.5"
"18 Aug 15","0.5"
"19 Aug 15","0.5"
"20 Aug 15","0.5"
"21 Aug 15","0.5"
"24 Aug 15","0.5"
"25 Aug 15","0.5"
"26 Aug 15","0.5"
"27 Aug 15","0.5"
"28 Aug 15","0.5"
"01 Sep 15","0.5"
"02 Sep 15","0.5"
"03 Sep 15","0.5"
"04 Sep 15","0.5"
"07 Sep 15","0.5"
"08 Sep 15","0.5"
"09 Sep 15","0.5"
"10 Sep 15","0.5"
"11 Sep 15","0.5"
"14 Sep 15","0.5"
"15 Sep 15","0.5"
"16 Sep 15","0.5"
"17 Sep 15","0.5"
"18 Sep 15","0.5"
"21 Sep 15","0.5"
"22 Sep 15","0.5"
"23 Sep 15","0.5"
"24 Sep 15","0.5"
"25 Sep 15","0.5"
"28 Sep 15","0.5"
"29 Sep 15","0.5"
"30 Sep 15","0.5"
"01 Oct 15","0.5"
"02 Oct 15","0.5"
"05 Oct 15","0.5"
"06 Oct 15","0.5"
"07 Oct 15","0.5"
"08 Oct 15","0.5"
"09 Oct 15","0.5"
"12 Oct 15","0.5"
"13 Oct 15","0.5"
"14 Oct 15","0.5"
"15 Oct 15","0.5"
"16 Oct 15","0.5"
"19 Oct 15","0.5"
"20 Oct 15","0.5"
"21 Oct 15","0.5"
"22 Oct 15","0.5"
"23 Oct 15","0.5"
"26 Oct 15","0.5"
"27 Oct 15","0.5"
"28 Oct 15","0.5"
"29 Oct 15","0.5"
"30 Oct 15","0.5"
"02 Nov 15","0.5"
"03 Nov 15","0.5"
"04 Nov 15","0.5"
"05 Nov 15","0.5"
"06 Nov 15","0.5"
"09 Nov 15","0.5"
"10 Nov 15","0.5"
"11 Nov 15","0.5"
"12 Nov 15","0.5"
"13 Nov 15","0.5"
"16 Nov 15","0.5"
"17 Nov 15","0.5"
"18 Nov 15","0.5"
"19 Nov 15","0.5"
"20 Nov 15","0.5"
"23 Nov 15","0.5"
"24 Nov 15","0.5"
"25 Nov 15","0.5"
"26 Nov 15","0.5"
"27 Nov 15","0.5"
"30 Nov 15","0.5"
"01 Dec 15","0.5"
"02 Dec 15","0.5"
"03 Dec 15","0.5"
"04 Dec 15","0.5"
"07 Dec 15","0.5"
"08 Dec 15","0.5"
"09 Dec 15","0.5"
"10 Dec 15","0.5"
"11 Dec 15","0.5"
"14 Dec 15","0.5"
"15 Dec 15","0.5"
"16 Dec 15","0.5"
"17 Dec 15","0.5"
"18 Dec 15","0.5"
"21 Dec 15","0.5"
"22 Dec 15","0.5"
"23 Dec 15","0.5"
"24 Dec 15","0.5"
"29 Dec 15","0.5"
"30 Dec 15","0.5"
"31 Dec 15","0.5"
"04 Jan 16","0.5"
"05 Jan 16","0.5"
"06 Jan 16","0.5"
"07 Jan 16","0.5"
"08 Jan 16","0.5"
"11 Jan 16","0.5"
"12 Jan 16","0.5"
"13 Jan 16","0.5"
"14 Jan 16","0.5"
"15 Jan 16","0.5"
"18 Jan 16","0.5"
"19 Jan 16","0.5"
"20 Jan 16","0.5"
"21 Jan 16","0.5"
"22 Jan 16","0.5"
"25 Jan 16","0.5"
"26 Jan 16","0.5"
"27 Jan 16","0.5"
"28 Jan 16","0.5"
"29 Jan 16","0.5"
"01 Feb 16","0.5"
"02 Feb 16","0.5"
"03 Feb 16","0.5"
"04 Feb 16","0.5"
"05 Feb 16","0.5"
"08 Feb 16","0.5"
"09 Feb 16","0.5"
"10 Feb 16","0.5"
"11 Feb 16","0.5"
"12 Feb 16","0.5"
"15 Feb 16","0.5"
"16 Feb 16","0.5"
"17 Feb 16","0.5"
"18 Feb 16","0.5"
"19 Feb 16","0.5"
"22 Feb 16","0.5"
"23 Feb 16","0.5"
"24 Feb 16","0.5"
"25 Feb 16","0.5"
"26 Feb 16","0.5"
"29 Feb 16","0.5"
"01 Mar 16","0.5"
"02 Mar 16","0.5"
"03 Mar 16","0.5"
"04 Mar 16","0.5"
"07 Mar 16","0.5"
"08 Mar 16","0.5"
"09 Mar 16","0.5"
"10 Mar 16","0.5"
"11 Mar 16","0.5"
"14 Mar 16","0.5"
"15 Mar 16","0.5"
"16 Mar 16","0.5"
"17 Mar 16","0.5"
"18 Mar 16","0.5"
"21 Mar 16","0.5"
"22 Mar 16","0.5"
"23 Mar 16","0.5"
"24 Mar 16","0.5"
"29 Mar 16","0.5"
"30 Mar 16","0.5"
"31 Mar 16","0.5"
"01 Apr 16","0.5"
"04 Apr 16","0.5"
"05 Apr 16","0.5"
"06 Apr 16","0.5"
"07 Apr 16","0.5"
"08 Apr 16","0.5"
"11 Apr 16","0.5"
"12 Apr 16","0.5"
"13 Apr 16","0.5"
"14 Apr 16","0.5"
"15 Apr 16","0.5"
"18 Apr 16","0.5"
"19 Apr 16","0.5"
"20 Apr 16","0.5"
"21 Apr 16","0.5"
"22 Apr 16","0.5"
"25 Apr 16","0.5"
"26 Apr 16","0.5"
"27 Apr 16","0.5"
"28 Apr 16","0.5"
"29 Apr 16","0.5"
"03 May 16","0.5"
"04 May 16","0.5"
"05 May 16","0.5"
"06 May 16","0.5"
"09 May 16","0.5"
"10 May 16","0.5"
"11 May 16","0.5"
"12 May 16","0.5"
"13 May 16","0.5"
"16 May 16","0.5"
"17 May 16","0.5"
"18 May 16","0.5"
"19 May 16","0.5"
"20 May 16","0.5"
"23 May 16","0.5"
"24 May 16","0.5"
"25 May 16","0.5"
"26 May 16","0.5"
"27 May 16","0.5"
"31 May 16","0.5"
"01 Jun 16","0.5"
"02 Jun 16","0.5"
"03 Jun 16","0.5"
"06 Jun 16","0.5"
"07 Jun 16","0.5"
"08 Jun 16","0.5"
"09 Jun 16","0.5"
"10 Jun 16","0.5"
"13 Jun 16","0.5"
"14 Jun 16","0.5"
"15 Jun 16","0.5"
"16 Jun 16","0.5"
"17 Jun 16","0.5"
"20 Jun 16","0.5"
"21 Jun 16","0.5"
"22 Jun 16","0.5"
"23 Jun 16","0.5"
"24 Jun 16","0.5"
"27 Jun 16","0.5"
"28 Jun 16","0.5"
"29 Jun 16","0.5"
"30 Jun 16","0.5"
"01 Jul 16","0.5"
"04 Jul 16","0.5"
"05 Jul 16","0.5"
"06 Jul 16","0.5"
"07 Jul 16","0.5"
"08 Jul 16","0.5"
"11 Jul 16","0.5"
"12 Jul 16","0.5"
"13 Jul 16","0.5"
"14 Jul 16","0.5"
"15 Jul 16","0.5"
"18 Jul 16","0.5"
"19 Jul 16","0.5"
"20 Jul 16","0.5"
"21 Jul 16","0.5"
"22 Jul 16","0.5"
"25 Jul 16","0.5"
"26 Jul 16","0.5"
"27 Jul 16","0.5"
"28 Jul 16","0.5"
"29 Jul 16","0.5"
"01 Aug 16","0.5"
"02 Aug 16","0.5"
"03 Aug 16","0.5"
"04 Aug 16","0.25"
"05 Aug 16","0.25"
"08 Aug 16","0.25"
"09 Aug 16","0.25"
"10 Aug 16","0.25"
"11 Aug 16","0.25"
"12 Aug 16","0.25"
"15 Aug 16","0.25"
"16 Aug 16","0.25"
"17 Aug 16","0.25"
"18 Aug 16","0.25"
"19 Aug 16","0.25"
"22 Aug 16","0.25"
"23 Aug 16","0.25"
"24 Aug 16","0.25"
"25 Aug 16","0.25"
"26 Aug 16","0.25"
"30 Aug 16","0.25"
"31 Aug 16","0.25"
"01 Sep 16","0.25"
"02 Sep 16","0.25"
"05 Sep 16","0.25"
"06 Sep 16","0.25"
"07 Sep 16","0.25"
"08 Sep 16","0.25"
"09 Sep 16","0.25"
"12 Sep 16","0.25"
"13 Sep 16","0.25"
"14 Sep 16","0.25"
"15 Sep 16","0.25"
"16 Sep 16","0.25"
"19 Sep 16","0.25"
"20 Sep 16","0.25"
"21 Sep 16","0.25"
"22 Sep 16","0.25"
"23 Sep 16","0.25"
"26 Sep 16","0.25"
"27 Sep 16","0.25"
"28 Sep 16","0.25"
"29 Sep 16","0.25"
"30 Sep 16","0.25"
"03 Oct 16","0.25"
"04 Oct 16","0.25"
"05 Oct 16","0.25"
"06 Oct 16","0.25"
"07 Oct 16","0.25"
"10 Oct 16","0.25"
"11 Oct 16","0.25"
"12 Oct 16","0.25"
"13 Oct 16","0.25"
"14 Oct 16","0.25"
"17 Oct 16","0.25"
"18 Oct 16","0.25"
"19 Oct 16","0.25"
"20 Oct 16","0.25"
"21 Oct 16","0.25"
"24 Oct 16","0.25"
"25 Oct 16","0.25"
"26 Oct 16","0.25"
"27 Oct 16","0.25"
"28 Oct 16","0.25"
"31 Oct 16","0.25"
"01 Nov 16","0.25"
"02 Nov 16","0.25"
"03 Nov 16","0.25"
"04 Nov 16","0.25"
"07 Nov 16","0.25"
"08 Nov 16","0.25"
"09 Nov 16","0.25"
"10 Nov 16","0.25"
"11 Nov 16","0.25"
"14 Nov 16","0.25"
"15 Nov 16","0.25"
"16 Nov 16","0.25"
"17 Nov 16","0.25"
"18 Nov 16","0.25"
"21 Nov 16","0.25"
"22 Nov 16","0.25"
"23 Nov 16","0.25"
"24 Nov 16","0.25"
"25 Nov 16","0.25"
"28 Nov 16","0.25"
"29 Nov 16","0.25"
"30 Nov 16","0.25"
"01 Dec 16","0.25"
"02 Dec 16","0.25"
"05 Dec 16","0.25"
"06 Dec 16","0.25"
"07 Dec 16","0.25"
"08 Dec 16","0.25"
"09 Dec 16","0.25"
"12 Dec 16","0.25"
"13 Dec 16","0.25"
"14 Dec 16","0.25"
"15 Dec 16","0.25"
"16 Dec 16","0.25"
"19 Dec 16","0.25"
"20 Dec 16","0.25"
"21 Dec 16","0.25"
"22 Dec 16","0.25"
"23 Dec 16","0.25"
"28 Dec 16","0.25"
"29 Dec 16","0.25"
"30 Dec 16","0.25"
"03 Jan 17","0.25"
"04 Jan 17","0.25"
"05 Jan 17","0.25"
"06 Jan 17","0.25"
"09 Jan 17","0.25"
"10 Jan 17","0.25"
"11 Jan 17","0.25"
"12 Jan 17","0.25"
"13 Jan 17","0.25"
"16 Jan 17","0.25"
"17 Jan 17","0.25"
"18 Jan 17","0.25"
"19 Jan 17","0.25"
"20 Jan 17","0.25"
"23 Jan 17","0.25"
"24 Jan 17","0.25"
"25 Jan 17","0.25"
"26 Jan 17","0.25"
"27 Jan 17","0.25"
"30 Jan 17","0.25"
"31 Jan 17","0.25"
"01 Feb 17","0.25"
"02 Feb 17","0.25"
"03 Feb 17","0.25"
"06 Feb 17","0.25"
"07 Feb 17","0.25"
"08 Feb 17","0.25"
"09 Feb 17","0.25"
"10 Feb 17","0.25"
"13 Feb 17","0.25"
"14 Feb 17","0.25"
"15 Feb 17","0.25"
"16 Feb 17","0.25"
"17 Feb 17","0.25"
"20 Feb 17","0.25"
"21 Feb 17","0.25"
"22 Feb 17","0.25"
"23 Feb 17","0.25"
"24 Feb 17","0.25"
"27 Feb 17","0.25"
"28 Feb 17","0.25"
"01 Mar 17","0.25"
"02 Mar 17","0.25"
"03 Mar 17","0.25"
"06 Mar 17","0.25"
"07 Mar 17","0.25"
"08 Mar 17","0.25"
"09 Mar 17","0.25"
"10 Mar 17","0.25"
"13 Mar 17","0.25"
"14 Mar 17","0.25"
"15 Mar 17","0.25"
"16 Mar 17","0.25"
"17 Mar 17","0.25"
"20 Mar 17","0.25"
"21 Mar 17","0.25"
"22 Mar 17","0.25"
"23 Mar 17","0.25"
"24 Mar 17","0.25"
"27 Mar 17","0.25"
"28 Mar 17","0.25"
"29 Mar 17","0.25"
"30 Mar 17","0.25"
"31 Mar 17","0.25"
"03 Apr 17","0.25"
"04 Apr 17","0.25"
"05 Apr 17","0.25"
"06 Apr 17","0.25"
"07 Apr 17","0.25"
"10 Apr 17","0.25"
"11 Apr 17","0.25"
"12 Apr 17","0.25"
"13 Apr 17","0.25"
"18 Apr 17","0.25"
"19 Apr 17","0.25"
"20 Apr 17","0.25"
"21 Apr 17","0.25"
"24 Apr 17","0.25"
"25 Apr 17","0.25"
"26 Apr 17","0.25"
"27 Apr 17","0.25"
"28 Apr 17","0.25"
"02 May 17","0.25"
"03 May 17","0.25"
"04 May 17","0.25"
"05 May 17","0.25"
"08 May 17","0.25"
"09 May 17","0.25"
"10 May 17","0.25"
"11 May 17","0.25"
"12 May 17","0.25"
"15 May 17","0.25"
"16 May 17","0.25"
"17 May 17","0.25"
"18 May 17","0.25"
"19 May 17","0.25"
"22 May 17","0.25"
"23 May 17","0.25"
"24 May 17","0.25"
"25 May 17","0.25"
"26 May 17","0.25"
"30 May 17","0.25"
"31 May 17","0.25"
"01 Jun 17","0.25"
"02 Jun 17","0.25"
"05 Jun 17","0.25"
"06 Jun 17","0.25"
"07 Jun 17","0.25"
"08 Jun 17","0.25"
"09 Jun 17","0.25"
"12 Jun 17","0.25"
"13 Jun 17","0.25"
"14 Jun 17","0.25"
"15 Jun 17","0.25"
"16 Jun 17","0.25"
"19 Jun 17","0.25"
"20 Jun 17","0.25"
"21 Jun 17","0.25"
"22 Jun 17","0.25"
"23 Jun 17","0.25"
"26 Jun 17","0.25"
"27 Jun 17","0.25"
"28 Jun 17","0.25"
"29 Jun 17","0.25"
"30 Jun 17","0.25"
"03 Jul 17","0.25"
"04 Jul 17","0.25"
"05 Jul 17","0.25"
"06 Jul 17","0.25"
"07 Jul 17","0.25"
"10 Jul 17","0.25"
"11 Jul 17","0.25"
"12 Jul 17","0.25"
"13 Jul 17","0.25"
"14 Jul 17","0.25"
"17 Jul 17","0.25"
"18 Jul 17","0.25"
"19 Jul 17","0.25"
"20 Jul 17","0.25"
"21 Jul 17","0.25"
"24 Jul 17","0.25"
"25 Jul 17","0.25"
"26 Jul 17","0.25"
"27 Jul 17","0.25"
"28 Jul 17","0.25"
"31 Jul 17","0.25"
"01 Aug 17","0.25"
"02 Aug 17","0.25"
"03 Aug 17","0.25"
"04 Aug 17","0.25"
"07 Aug 17","0.25"
"08 Aug 17","0.25"
"09 Aug 17","0.25"
"10 Aug 17","0.25"
"11 Aug 17","0.25"
"14 Aug 17","0.25"
"15 Aug 17","0.25"
"16 Aug 17","0.25"
"17 Aug 17","0.25"
"18 Aug 17","0.25"
"21 Aug 17","0.25"
"22 Aug 17","0.25"
"23 Aug 17","0.25"
"24 Aug 17","0.25"
"25 Aug 17","0.25"
"29 Aug 17","0.25"
"30 Aug 17","0.25"
"31 Aug 17","0.25"
"01 Sep 17","0.25"
"04 Sep 17","0.25"
"05 Sep 17","0.25"
"06 Sep 17","0.25"
"07 Sep 17","0.25"
"08 Sep 17","0.25"
"11 Sep 17","0.25"
"12 Sep 17","0.25"
"13 Sep 17","0.25"
"14 Sep 17","0.25"
"15 Sep 17","0.25"
"18 Sep 17","0.25"
"19 Sep 17","0.25"
"20 Sep 17","0.25"
"21 Sep 17","0.25"
"22 Sep 17","0.25"
"25 Sep 17","0.25"
"26 Sep 17","0.25"
"27 Sep 17","0.25"
"28 Sep 17","0.25"
"29 Sep 17","0.25"
"02 Oct 17","0.25"
"03 Oct 17","0.25"
"04 Oct 17","0.25"
"05 Oct 17","0.25"
"06 Oct 17","0.25"
"09 Oct 17","0.25"
"10 Oct 17","0.25"
"11 Oct 17","0.25"
"12 Oct 17","0.25"
"13 Oct 17","0.25"
"16 Oct 17","0.25"
"17 Oct 17","0.25"
"18 Oct 17","0.25"
"19 Oct 17","0.25"
"20 Oct 17","0.25"
"23 Oct 17","0.25"
"24 Oct 17","0.25"
"25 Oct 17","0.25"
"26 Oct 17","0.25"
"27 Oct 17","0.25"
"30 Oct 17","0.25"
"31 Oct 17","0.25"
"01 Nov 17","0.25"
"02 Nov 17","0.5"
"03 Nov 17","0.5"
"06 Nov 17","0.5"
"07 Nov 17","0.5"
"08 Nov 17","0.5"
"09 Nov 17","0.5"
"10 Nov 17","0.5"
"13 Nov 17","0.5"
"14 Nov 17","0.5"
"15 Nov 17","0.5"
"16 Nov 17","0.5"
"17 Nov 17","0.5"
"20 Nov 17","0.5"
"21 Nov 17","0.5"
"22 Nov 17","0.5"
"23 Nov 17","0.5"
"24 Nov 17","0.5"
"27 Nov 17","0.5"
"28 Nov 17","0.5"
"29 Nov 17","0.5"
"30 Nov 17","0.5"
"01 Dec 17","0.5"
"04 Dec 17","0.5"
"05 Dec 17","0.5"
"06 Dec 17","0.5"
"07 Dec 17","0.5"
"08 Dec 17","0.5"
"11 Dec 17","0.5"
"12 Dec 17","0.5"
"13 Dec 17","0.5"
"14 Dec 17","0.5"
"15 Dec 17","0.5"
"18 Dec 17","0.5"
"19 Dec 17","0.5"
"20 Dec 17","0.5"
"21 Dec 17","0.5"
"22 Dec 17","0.5"
"27 Dec 17","0.5"
"28 Dec 17","0.5"
"29 Dec 17","0.5"
"02 Jan 18","0.5"
"03 Jan 18","0.5"
"04 Jan 18","0.5"
"05 Jan 18","0.5"
"08 Jan 18","0.5"
"09 Jan 18","0.5"
"10 Jan 18","0.5"
"11 Jan 18","0.5"
"12 Jan 18","0.5"
"15 Jan 18","0.5"
"16 Jan 18","0.5"
"17 Jan 18","0.5"
"18 Jan 18","0.5"
"19 Jan 18","0.5"
"22 Jan 18","0.5"
"23 Jan 18","0.5"
"24 Jan 18","0.5"
"25 Jan 18","0.5"
"26 Jan 18","0.5"
"29 Jan 18","0.5"
"30 Jan 18","0.5"
"31 Jan 18","0.5"
"01 Feb 18","0.5"
"02 Feb 18","0.5"
"05 Feb 18","0.5"
"06 Feb 18","0.5"
"07 Feb 18","0.5"
"08 Feb 18","0.5"
"09 Feb 18","0.5"
"12 Feb 18","0.5"
"13 Feb 18","0.5"
"14 Feb 18","0.5"
"15 Feb 18","0.5"
"16 Feb 18","0.5"
"19 Feb 18","0.5"
"20 Feb 18","0.5"
"21 Feb 18","0.5"
"22 Feb 18","0.5"
"23 Feb 18","0.5"
"26 Feb 18","0.5"
"27 Feb 18","0.5"
"28 Feb 18","0.5"
"01 Mar 18","0.5"
"02 Mar 18","0.5"
"05 Mar 18","0.5"
"06 Mar 18","0.5"
"07 Mar 18","0.5"
"08 Mar 18","0.5"
"09 Mar 18","0.5"
"12 Mar 18","0.5"
"13 Mar 18","0.5"
"14 Mar 18","0.5"
"15 Mar 18","0.5"
"16 Mar 18","0.5"
"19 Mar 18","0.5"
"20 Mar 18","0.5"
"21 Mar 18","0.5"
"22 Mar 18","0.5"
"23 Mar 18","0.5"
"26 Mar 18","0.5"
"27 Mar 18","0.5"
"28 Mar 18","0.5"
"29 Mar 18","0.5"
"03 Apr 18","0.5"
"04 Apr 18","0.5"
"05 Apr 18","0.5"
"06 Apr 18","0.5"
"09 Apr 18","0.5"
"10 Apr 18","0.5"
"11 Apr 18","0.5"
"12 Apr 18","0.5"
"13 Apr 18","0.5"
"16 Apr 18","0.5"
"17 Apr 18","0.5"
"18 Apr 18","0.5"
"19 Apr 18","0.5"
"20 Apr 18","0.5"
"23 Apr 18","0.5"
"24 Apr 18","0.5"
"25 Apr 18","0.5"
"26 Apr 18","0.5"
"27 Apr 18","0.5"
"30 Apr 18","0.5"
"01 May 18","0.5"
"02 May 18","0.5"
"03 May 18","0.5"
"04 May 18","0.5"
"08 May 18","0.5"
"09 May 18","0.5"
"10 May 18","0.5"
"11 May 18","0.5"
"14 May 18","0.5"
"15 May 18","0.5"
"16 May 18","0.5"
"17 May 18","0.5"
"18 May 18","0.5"
"21 May 18","0.5"
"22 May 18","0.5"
"23 May 18","0.5"
"24 May 18","0.5"
"25 May 18","0.5"
"29 May 18","0.5"
"30 May 18","0.5"
"31 May 18","0.5"
"01 Jun 18","0.5"
"04 Jun 18","0.5"
"05 Jun 18","0.5"
"06 Jun 18","0.5"
"07 Jun 18","0.5"
"08 Jun 18","0.5"
"11 Jun 18","0.5"
"12 Jun 18","0.5"
"13 Jun 18","0.5"
"14 Jun 18","0.5"
"15 Jun 18","0.5"
"18 Jun 18","0.5"
"19 Jun 18","0.5"
"20 Jun 18","0.5"
"21 Jun 18","0.5"
"22 Jun 18","0.5"
"25 Jun 18","0.5"
"26 Jun 18","0.5"
"27 Jun 18","0.5"
"28 Jun 18","0.5"
"29 Jun 18","0.5"
"02 Jul 18","0.5"
"03 Jul 18","0.5"
"04 Jul 18","0.5"
"05 Jul 18","0.5"
"06 Jul 18","0.5"
"09 Jul 18","0.5"
"10 Jul 18","0.5"
"11 Jul 18","0.5"
"12 Jul 18","0.5"
"13 Jul 18","0.5"
"16 Jul 18","0.5"
"17 Jul 18","0.5"
"18 Jul 18","0.5"
"19 Jul 18","0.5"
"20 Jul 18","0.5"
"23 Jul 18","0.5"
"24 Jul 18","0.5"
"25 Jul 18","0.5"
"26 Jul 18","0.5"
"27 Jul 18","0.5"
"30 Jul 18","0.5"
"31 Jul 18","0.5"
"01 Aug 18","0.5"
"02 Aug 18","0.75"
"03 Aug 18","0.75"
"06 Aug 18","0.75"
"07 Aug 18","0.75"
"08 Aug 18","0.75"
"09 Aug 18","0.75"
"10 Aug 18","0.75"
"13 Aug 18","0.75"
"14 Aug 18","0.75"
"15 Aug 18","0.75"
"16 Aug 18","0.75"
"17 Aug 18","0.75"
"20 Aug 18","0.75"
"21 Aug 18","0.75"
"22 Aug 18","0.75"
"23 Aug 18","0.75"
"24 Aug 18","0.75"
"28 Aug 18","0.75"
"29 Aug 18","0.75"
"30 Aug 18","0.75"
"31 Aug 18","0.75"
"03 Sep 18","0.75"
"04 Sep 18","0.75"
"05 Sep 18","0.75"
"06 Sep 18","0.75"
"07 Sep 18","0.75"
"10 Sep 18","0.75"
"11 Sep 18","0.75"
"12 Sep 18","0.75"
"13 Sep 18","0.75"
"14 Sep 18","0.75"
"17 Sep 18","0.75"
"18 Sep 18","0.75"
"19 Sep 18","0.75"
"20 Sep 18","0.75"
"21 Sep 18","0.75"
"24 Sep 18","0.75"
"25 Sep 18","0.75"
"26 Sep 18","0.75"
"27 Sep 18","0.75"
"28 Sep 18","0.75"
"01 Oct 18","0.75"
"02 Oct 18","0.75"
"03 Oct 18","0.75"
"04 Oct 18","0.75"
"05 Oct 18","0.75"
"08 Oct 18","0.75"
"09 Oct 18","0.75"
"10 Oct 18","0.75"
"11 Oct 18","0.75"
"12 Oct 18","0.75"
"15 Oct 18","0.75"
"16 Oct 18","0.75"
"17 Oct 18","0.75"
"18 Oct 18","0.75"
"19 Oct 18","0.75"
"22 Oct 18","0.75"
"23 Oct 18","0.75"
"24 Oct 18","0.75"
"25 Oct 18","0.75"
"26 Oct 18","0.75"
"29 Oct 18","0.75"
"30 Oct 18","0.75"
"31 Oct 18","0.75"
"01 Nov 18","0.75"
"02 Nov 18","0.75"
"05 Nov 18","0.75"
"06 Nov 18","0.75"
"07 Nov 18","0.75"
"08 Nov 18","0.75"
"09 Nov 18","0.75"
"12 Nov 18","0.75"
"13 Nov 18","0.75"
"14 Nov 18","0.75"
"15 Nov 18","0.75"
"16 Nov 18","0.75"
"19 Nov 18","0.75"
"20 Nov 18","0.75"
"21 Nov 18","0.75"
"22 Nov 18","0.75"
"23 Nov 18","0.75"
"26 Nov 18","0.75"
"27 Nov 18","0.75"
"28 Nov 18","0.75"
"29 Nov 18","0.75"
"30 Nov 18","0.75"
"03 Dec 18","0.75"
"04 Dec 18","0.75"
"05 Dec 18","0.75"
"06 Dec 18","0.75"
"07 Dec 18","0.75"
"10 Dec 18","0.75"
"11 Dec 18","0.75"
"12 Dec 18","0.75"
"13 Dec 18","0.75"
"14 Dec 18","0.75"
"17 Dec 18","0.75"
"18 Dec 18","0.75"
"19 Dec 18","0.75"
"20 Dec 18","0.75"
"21 Dec 18","0.75"
"24 Dec 18","0.75"
"27 Dec 18","0.75"
"28 Dec 18","0.75"
"31 Dec 18","0.75"
"02 Jan 19","0.75"
"03 Jan 19","0.75"
"04 Jan 19","0.75"
"07 Jan 19","0.75"
"08 Jan 19","0.75"
"09 Jan 19","0.75"
"10 Jan 19","0.75"
"11 Jan 19","0.75"
"14 Jan 19","0.75"
"15 Jan 19","0.75"
"16 Jan 19","0.75"
"17 Jan 19","0.75"
"18 Jan 19","0.75"
"21 Jan 19","0.75"
"22 Jan 19","0.75"
"23 Jan 19","0.75"
"24 Jan 19","0.75"
"25 Jan 19","0.75"
"28 Jan 19","0.75"
"29 Jan 19","0.75"
"30 Jan 19","0.75"
"31 Jan 19","0.75"
"01 Feb 19","0.75"
"04 Feb 19","0.75"
"05 Feb 19","0.75"
"06 Feb 19","0.75"
"07 Feb 19","0.75"
"08 Feb 19","0.75"
"11 Feb 19","0.75"
"12 Feb 19","0.75"
"13 Feb 19","0.75"
"14 Feb 19","0.75"
"15 Feb 19","0.75"
"18 Feb 19","0.75"
"19 Feb 19","0.75"
"20 Feb 19","0.75"
"21 Feb 19","0.75"
"22 Feb 19","0.75"
"25 Feb 19","0.75"
"26 Feb 19","0.75"
"27 Feb 19","0.75"
"28 Feb 19","0.75"
"01 Mar 19","0.75"
"04 Mar 19","0.75"
"05 Mar 19","0.75"
"06 Mar 19","0.75"
"07 Mar 19","0.75"
"08 Mar 19","0.75"
"11 Mar 19","0.75"
"12 Mar 19","0.75"
"13 Mar 19","0.75"
"14 Mar 19","0.75"
"15 Mar 19","0.75"
"18 Mar 19","0.75"
"19 Mar 19","0.75"
"20 Mar 19","0.75"
"21 Mar 19","0.75"
"22 Mar 19","0.75"
"25 Mar 19","0.75"
"26 Mar 19","0.75"
"27 Mar 19","0.75"
"28 Mar 19","0.75"
"29 Mar 19","0.75"
"01 Apr 19","0.75"
"02 Apr 19","0.75"
"03 Apr 19","0.75"
"04 Apr 19","0.75"
"05 Apr 19","0.75"
"08 Apr 19","0.75"
"09 Apr 19","0.75"
"10 Apr 19","0.75"
"11 Apr 19","0.75"
"12 Apr 19","0.75"
"15 Apr 19","0.75"
"16 Apr 19","0.75"
"17 Apr 19","0.75"
"18 Apr 19","0.75"
"23 Apr 19","0.75"
"24 Apr 19","0.75"
"25 Apr 19","0.75"
"26 Apr 19","0.75"
"29 Apr 19","0.75"
"30 Apr 19","0.75"
"01 May 19","0.75"
"02 May 19","0.75"
"03 May 19","0.75"
"07 May 19","0.75"
"08 May 19","0.75"
"09 May 19","0.75"
"10 May 19","0.75"
"13 May 19","0.75"
"14 May 19","0.75"
"15 May 19","0.75"
"16 May 19","0.75"
"17 May 19","0.75"
"20 May 19","0.75"
"21 May 19","0.75"
"22 May 19","0.75"
"23 May 19","0.75"
"24 May 19","0.75"
"28 May 19","0.75"
"29 May 19","0.75"
"30 May 19","0.75"
"31 May 19","0.75"
"03 Jun 19","0.75"
"04 Jun 19","0.75"
"05 Jun 19","0.75"
"06 Jun 19","0.75"
"07 Jun 19","0.75"
"10 Jun 19","0.75"
"11 Jun 19","0.75"
"12 Jun 19","0.75"
"13 Jun 19","0.75"
"14 Jun 19","0.75"
"17 Jun 19","0.75"
"18 Jun 19","0.75"
"19 Jun 19","0.75"
"20 Jun 19","0.75"
"21 Jun 19","0.75"
"24 Jun 19","0.75"
"25 Jun 19","0.75"
"26 Jun 19","0.75"
"27 Jun 19","0.75"
"28 Jun 19","0.75"
"01 Jul 19","0.75"
"02 Jul 19","0.75"
"03 Jul 19","0.75"
"04 Jul 19","0.75"
"05 Jul 19","0.75"
"08 Jul 19","0.75"
"09 Jul 19","0.75"
"10 Jul 19","0.75"
"11 Jul 19","0.75"
"12 Jul 19","0.75"
"15 Jul 19","0.75"
"16 Jul 19","0.75"
"17 Jul 19","0.75"
"18 Jul 19","0.75"
"19 Jul 19","0.75"
"22 Jul 19","0.75"
"23 Jul 19","0.75"
"24 Jul 19","0.75"
"25 Jul 19","0.75"
"26 Jul 19","0.75"
"29 Jul 19","0.75"
"30 Jul 19","0.75"
"31 Jul 19","0.75"
"01 Aug 19","0.75"
"02 Aug 19","0.75"
"05 Aug 19","0.75"
"06 Aug 19","0.75"
"07 Aug 19","0.75"
"08 Aug 19","0.75"
"09 Aug 19","0.75"
"12 Aug 19","0.75"
"13 Aug 19","0.75"
"14 Aug 19","0.75"
"15 Aug 19","0.75"
"16 Aug 19","0.75"
"19 Aug 19","0.75"
"20 Aug 19","0.75"
"21 Aug 19","0.75"
"22 Aug 19","0.75"
"23 Aug 19","0.75"
"27 Aug 19","0.75"
"28 Aug 19","0.75"
"29 Aug 19","0.75"
"30 Aug 19","0.75"
"02 Sep 19","0.75"
"03 Sep 19","0.75"
"04 Sep 19","0.75"
"05 Sep 19","0.75"
"06 Sep 19","0.75"
"09 Sep 19","0.75"
"10 Sep 19","0.75"
"11 Sep 19","0.75"
"12 Sep 19","0.75"
"13 Sep 19","0.75"
"16 Sep 19","0.75"
"17 Sep 19","0.75"
"18 Sep 19","0.75"
"19 Sep 19","0.75"
"20 Sep 19","0.75"
"23 Sep 19","0.75"
"24 Sep 19","0.75"
"25 Sep 19","0.75"
"26 Sep 19","0.75"
"27 Sep 19","0.75"
"30 Sep 19","0.75"
"01 Oct 19","0.75"
"02 Oct 19","0.75"
"03 Oct 19","0.75"
"04 Oct 19","0.75"
"07 Oct 19","0.75"
"08 Oct 19","0.75"
"09 Oct 19","0.75"
"10 Oct 19","0.75"
"11 Oct 19","0.75"
"14 Oct 19","0.75"
"15 Oct 19","0.75"
"16 Oct 19","0.75"
"17 Oct 19","0.75"
"18 Oct 19","0.75"
"21 Oct 19","0.75"
"22 Oct 19","0.75"
"23 Oct 19","0.75"
"24 Oct 19","0.75"
"25 Oct 19","0.75"
"28 Oct 19","0.75"
"29 Oct 19","0.75"
"30 Oct 19","0.75"
"31 Oct 19","0.75"
"01 Nov 19","0.75"
"04 Nov 19","0.75"
"05 Nov 19","0.75"
"06 Nov 19","0.75"
"07 Nov 19","0.75"
"08 Nov 19","0.75"
"11 Nov 19","0.75"
"12 Nov 19","0.75"
"13 Nov 19","0.75"
"14 Nov 19","0.75"
"15 Nov 19","0.75"
"18 Nov 19","0.75"
"19 Nov 19","0.75"
"20 Nov 19","0.75"
"21 Nov 19","0.75"
"22 Nov 19","0.75"
"25 Nov 19","0.75"
"26 Nov 19","0.75"
"27 Nov 19","0.75"
"28 Nov 19","0.75"
"29 Nov 19","0.75"
"02 Dec 19","0.75"
"03 Dec 19","0.75"
"04 Dec 19","0.75"
"05 Dec 19","0.75"
"06 Dec 19","0.75"
"09 Dec 19","0.75"
"10 Dec 19","0.75"
"11 Dec 19","0.75"
"12 Dec 19","0.75"
"13 Dec 19","0.75"
"16 Dec 19","0.75"
"17 Dec 19","0.75"
"18 Dec 19","0.75"
"19 Dec 19","0.75"
"20 Dec 19","0.75"
"23 Dec 19","0.75"
"24 Dec 19","0.75"
"27 Dec 19","0.75"
"30 Dec 19","0.75"
"31 Dec 19","0.75"
"02 Jan 20","0.75"
"03 Jan 20","0.75"
"06 Jan 20","0.75"
"07 Jan 20","0.75"
"08 Jan 20","0.75"
"09 Jan 20","0.75"
"10 Jan 20","0.75"
"13 Jan 20","0.75"
"14 Jan 20","0.75"
"15 Jan 20","0.75"
"16 Jan 20","0.75"
"17 Jan 20","0.75"
"20 Jan 20","0.75"
"21 Jan 20","0.75"
"22 Jan 20","0.75"
"23 Jan 20","0.75"
"24 Jan 20","0.75"
"27 Jan 20","0.75"
"28 Jan 20","0.75"
"29 Jan 20","0.75"
"30 Jan 20","0.75"
"31 Jan 20","0.75"
"03 Feb 20","0.75"
"04 Feb 20","0.75"
"05 Feb 20","0.75"
"06 Feb 20","0.75"
"07 Feb 20","0.75"
"10 Feb 20","0.75"
"11 Feb 20","0.75"
"12 Feb 20","0.75"
"13 Feb 20","0.75"
"14 Feb 20","0.75"
"17 Feb 20","0.75"
"18 Feb 20","0.75"
"19 Feb 20","0.75"
"20 Feb 20","0.75"
"21 Feb 20","0.75"
"24 Feb 20","0.75"
"25 Feb 20","0.75"
"26 Feb 20","0.75"
"27 Feb 20","0.75"
"28 Feb 20","0.75"
"02 Mar 20","0.75"
"03 Mar 20","0.75"
"04 Mar 20","0.75"
"05 Mar 20","0.75"
"06 Mar 20","0.75"
"09 Mar 20","0.75"
"10 Mar 20","0.75"
"11 Mar 20","0.25"
"12 Mar 20","0.25"
"13 Mar 20","0.25"
"16 Mar 20","0.25"
"17 Mar 20","0.25"
"18 Mar 20","0.25"
"19 Mar 20","0.1"
"20 Mar 20","0.1"
"23 Mar 20","0.1"
"24 Mar 20","0.1"
"25 Mar 20","0.1"
"26 Mar 20","0.1"
"27 Mar 20","0.1"
"30 Mar 20","0.1"
"31 Mar 20","0.1"
"01 Apr 20","0.1"
"02 Apr 20","0.1"
"03 Apr 20","0.1"
"06 Apr 20","0.1"
"07 Apr 20","0.1"
"08 Apr 20","0.1"
"09 Apr 20","0.1"
"14 Apr 20","0.1"
"15 Apr 20","0.1"
"16 Apr 20","0.1"
"17 Apr 20","0.1"
"20 Apr 20","0.1"
"21 Apr 20","0.1"
"22 Apr 20","0.1"
"23 Apr 20","0.1"
"24 Apr 20","0.1"
"27 Apr 20","0.1"
"28 Apr 20","0.1"
"29 Apr 20","0.1"
"30 Apr 20","0.1"
"01 May 20","0.1"
"04 May 20","0.1"
"05 May 20","0.1"
"06 May 20","0.1"
"07 May 20","0.1"
"11 May 20","0.1"
"12 May 20","0.1"
"13 May 20","0.1"
"14 May 20","0.1"
"15 May 20","0.1"
"18 May 20","0.1"
"19 May 20","0.1"
"20 May 20","0.1"
"21 May 20","0.1"
"22 May 20","0.1"
"26 May 20","0.1"
"27 May 20","0.1"
"28 May 20","0.1"
"29 May 20","0.1"
"01 Jun 20","0.1"
"02 Jun 20","0.1"
"03 Jun 20","0.1"
"04 Jun 20","0.1"
"05 Jun 20","0.1"
"08 Jun 20","0.1"
"09 Jun 20","0.1"
"10 Jun 20","0.1"
"11 Jun 20","0.1"
"12 Jun 20","0.1"
"15 Jun 20","0.1"
"16 Jun 20","0.1"
"17 Jun 20","0.1"
"18 Jun 20","0.1"
"19 Jun 20","0.1"
"22 Jun 20","0.1"
"23 Jun 20","0.1"
"24 Jun 20","0.1"
"25 Jun 20","0.1"
"26 Jun 20","0.1"
"29 Jun 20","0.1"
"30 Jun 20","0.1"
"01 Jul 20","0.1"
"02 Jul 20","0.1"
"03 Jul 20","0.1"
"06 Jul 20","0.1"
"07 Jul 20","0.1"
"08 Jul 20","0.1"
"09 Jul 20","0.1"
"10 Jul 20","0.1"
"13 Jul 20","0.1"
"14 Jul 20","0.1"
"15 Jul 20","0.1"
"16 Jul 20","0.1"
"17 Jul 20","0.1"
"20 Jul 20","0.1"
"21 Jul 20","0.1"
"22 Jul 20","0.1"
"23 Jul 20","0.1"
"24 Jul 20","0.1"
"27 Jul 20","0.1"
"28 Jul 20","0.1"
"29 Jul 20","0.1"
"30 Jul 20","0.1"
"31 Jul 20","0.1"
"03 Aug 20","0.1"
"04 Aug 20","0.1"
"05 Aug 20","0.1"
"06 Aug 20","0.1"
"07 Aug 20","0.1"
"10 Aug 20","0.1"
"11 Aug 20","0.1"
"12 Aug 20","0.1"
"13 Aug 20","0.1"
"14 Aug 20","0.1"
"17 Aug 20","0.1"
"18 Aug 20","0.1"
"19 Aug 20","0.1"
"20 Aug 20","0.1"
"21 Aug 20","0.1"
"24 Aug 20","0.1"
"25 Aug 20","0.1"
"26 Aug 20","0.1"
"27 Aug 20","0.1"
"28 Aug 20","0.1"
"01 Sep 20","0.1"
"02 Sep 20","0.1"
"03 Sep 20","0.1"
"04 Sep 20","0.1"
"07 Sep 20","0.1"
"08 Sep 20","0.1"
"09 Sep 20","0.1"
"10 Sep 20","0.1"
"11 Sep 20","0.1"
"14 Sep 20","0.1"
"15 Sep 20","0.1"
"16 Sep 20","0.1"
"17 Sep 20","0.1"
"18 Sep 20","0.1"
"21 Sep 20","0.1"
"22 Sep 20","0.1"
"23 Sep 20","0.1"
"24 Sep 20","0.1"
"25 Sep 20","0.1"
"28 Sep 20","0.1"
"29 Sep 20","0.1"
"30 Sep 20","0.1"
"01 Oct 20","0.1"
"02 Oct 20","0.1"
"05 Oct 20","0.1"
"06 Oct 20","0.1"
"07 Oct 20","0.1"
"08 Oct 20","0.1"
"09 Oct 20","0.1"
"12 Oct 20","0.1"
"13 Oct 20","0.1"
"14 Oct 20","0.1"
"15 Oct 20","0.1"
"16 Oct 20","0.1"
"19 Oct 20","0.1"
"20 Oct 20","0.1"
"21 Oct 20","0.1"
"22 Oct 20","0.1"
"23 Oct 20","0.1"
"26 Oct 20","0.1"
"27 Oct 20","0.1"
"28 Oct 20","0.1"
"29 Oct 20","0.1"
"30 Oct 20","0.1"
"02 Nov 20","0.1"
"03 Nov 20","0.1"
"04 Nov 20","0.1"
"05 Nov 20","0.1"
"06 Nov 20","0.1"
"09 Nov 20","0.1"
"10 Nov 20","0.1"
"11 Nov 20","0.1"
"12 Nov 20","0.1"
"13 Nov 20","0.1"
"16 Nov 20","0.1"
"17 Nov 20","0.1"
"18 Nov 20","0.1"
"19 Nov 20","0.1"
"20 Nov 20","0.1"
"23 Nov 20","0.1"
"24 Nov 20","0.1"
"25 Nov 20","0.1"
"26 Nov 20","0.1"
"27 Nov 20","0.1"
"30 Nov 20","0.1"
"01 Dec 20","0.1"
"02 Dec 20","0.1"
"03 Dec 20","0.1"
"04 Dec 20","0.1"
"07 Dec 20","0.1"
"08 Dec 20","0.1"
"09 Dec 20","0.1"
"10 Dec 20","0.1"
"11 Dec 20","0.1"
"14 Dec 20","0.1"
"15 Dec 20","0.1"
"16 Dec 20","0.1"
"17 Dec 20","0.1"
"18 Dec 20","0.1"
"21 Dec 20","0.1"
"22 Dec 20","0.1"
"23 Dec 20","0.1"
"24 Dec 20","0.1"
"29 Dec 20","0.1"
"30 Dec 20","0.1"
"31 Dec 20","0.1"
"04 Jan 21","0.1"
"05 Jan 21","0.1"
"06 Jan 21","0.1"
"07 Jan 21","0.1"
"08 Jan 21","0.1"
"11 Jan 21","0.1"
"12 Jan 21","0.1"
"13 Jan 21","0.1"
"14 Jan 21","0.1"
"15 Jan 21","0.1"
"18 Jan 21","0.1"
"19 Jan 21","0.1"
"20 Jan 21","0.1"
"21 Jan 21","0.1"
"22 Jan 21","0.1"
"25 Jan 21","0.1"
"26 Jan 21","0.1"
"27 Jan 21","0.1"
"28 Jan 21","0.1"
"29 Jan 21","0.1"
"01 Feb 21","0.1"
"02 Feb 21","0.1"
"03 Feb 21","0.1"
"04 Feb 21","0.1"
"05 Feb 21","0.1"
"08 Feb 21","0.1"
"09 Feb 21","0.1"
"10 Feb 21","0.1"
"11 Feb 21","0.1"
"12 Feb 21","0.1"
"15 Feb 21","0.1"
"16 Feb 21","0.1"
"17 Feb 21","0.1"
"18 Feb 21","0.1"
"19 Feb 21","0.1"
"22 Feb 21","0.1"
"23 Feb 21","0.1"
"24 Feb 21","0.1"
"25 Feb 21","0.1"
"26 Feb 21","0.1"
"01 Mar 21","0.1"
"02 Mar 21","0.1"
"03 Mar 21","0.1"
"04 Mar 21","0.1"
"05 Mar 21","0.1"
"08 Mar 21","0.1"
"09 Mar 21","0.1"
"10 Mar 21","0.1"
"11 Mar 21","0.1"
"12 Mar 21","0.1"
"15 Mar 21","0.1"
"16 Mar 21","0.1"
"17 Mar 21","0.1"
"18 Mar 21","0.1"
"19 Mar 21","0.1"
"22 Mar 21","0.1"
"23 Mar 21","0.1"
"24 Mar 21","0.1"
"25 Mar 21","0.1"
"26 Mar 21","0.1"
"29 Mar 21","0.1"
"30 Mar 21","0.1"
"31 Mar 21","0.1"
"01 Apr 21","0.1"
"06 Apr 21","0.1"
"07 Apr 21","0.1"
"08 Apr 21","0.1"
"09 Apr 21","0.1"
"12 Apr 21","0.1"
"13 Apr 21","0.1"
"14 Apr 21","0.1"
"15 Apr 21","0.1"
"16 Apr 21","0.1"
"19 Apr 21","0.1"
"20 Apr 21","0.1"
"21 Apr 21","0.1"
"22 Apr 21","0.1"
"23 Apr 21","0.1"
"26 Apr 21","0.1"
"27 Apr 21","0.1"
"28 Apr 21","0.1"
"29 Apr 21","0.1"
"30 Apr 21","0.1"
"04 May 21","0.1"
"05 May 21","0.1"
"06 May 21","0.1"
"07 May 21","0.1"
"10 May 21","0.1"
"11 May 21","0.1"
"12 May 21","0.1"
"13 May 21","0.1"
"14 May 21","0.1"
"17 May 21","0.1"
"18 May 21","0.1"
"19 May 21","0.1"
"20 May 21","0.1"
"21 May 21","0.1"
"24 May 21","0.1"
"25 May 21","0.1"
"26 May 21","0.1"
"27 May 21","0.1"
"28 May 21","0.1"
"01 Jun 21","0.1"
"02 Jun 21","0.1"
"03 Jun 21","0.1"
"04 Jun 21","0.1"
"07 Jun 21","0.1"
"08 Jun 21","0.1"
"09 Jun 21","0.1"
"10 Jun 21","0.1"
"11 Jun 21","0.1"
"14 Jun 21","0.1"
"15 Jun 21","0.1"
"16 Jun 21","0.1"
"17 Jun 21","0.1"
"18 Jun 21","0.1"
"21 Jun 21","0.1"
"22 Jun 21","0.1"
"23 Jun 21","0.1"
"24 Jun 21","0.1"
"25 Jun 21","0.1"
"28 Jun 21","0.1"
"29 Jun 21","0.1"
"30 Jun 21","0.1"
"01 Jul 21","0.1"
"02 Jul 21","0.1"
"05 Jul 21","0.1"
"06 Jul 21","0.1"
"07 Jul 21","0.1"
"08 Jul 21","0.1"
"09 Jul 21","0.1"
"12 Jul 21","0.1"
"13 Jul 21","0.1"
"14 Jul 21","0.1"
"15 Jul 21","0.1"
"16 Jul 21","0.1"
"19 Jul 21","0.1"
"20 Jul 21","0.1"
"21 Jul 21","0.1"
"22 Jul 21","0.1"
"23 Jul 21","0.1"
"26 Jul 21","0.1"
"27 Jul 21","0.1"
"28 Jul 21","0.1"
"29 Jul 21","0.1"
"30 Jul 21","0.1"
"02 Aug 21","0.1"
"03 Aug 21","0.1"
"04 Aug 21","0.1"
"05 Aug 21","0.1"
"06 Aug 21","0.1"
"09 Aug 21","0.1"
"10 Aug 21","0.1"
"11 Aug 21","0.1"
"12 Aug 21","0.1"
"13 Aug 21","0.1"
"16 Aug 21","0.1"
"17 Aug 21","0.1"
"18 Aug 21","0.1"
"19 Aug 21","0.1"
"20 Aug 21","0.1"
"23 Aug 21","0.1"
"24 Aug 21","0.1"
"25 Aug 21","0.1"
"26 Aug 21","0.1"
"27 Aug 21","0.1"
"31 Aug 21","0.1"
"01 Sep 21","0.1"
"02 Sep 21","0.1"
"03 Sep 21","0.1"
"06 Sep 21","0.1"
"07 Sep 21","0.1"
"08 Sep 21","0.1"
"09 Sep 21","0.1"
"10 Sep 21","0.1"
"13 Sep 21","0.1"
"14 Sep 21","0.1"
"15 Sep 21","0.1"
"16 Sep 21","0.1"
"17 Sep 21","0.1"
"20 Sep 21","0.1"
"21 Sep 21","0.1"
"22 Sep 21","0.1"
"23 Sep 21","0.1"
"24 Sep 21","0.1"
"27 Sep 21","0.1"
"28 Sep 21","0.1"
"29 Sep 21","0.1"
"30 Sep 21","0.1"
"01 Oct 21","0.1"
"04 Oct 21","0.1"
"05 Oct 21","0.1"
"06 Oct 21","0.1"
"07 Oct 21","0.1"
"08 Oct 21","0.1"
"11 Oct 21","0.1"
"12 Oct 21","0.1"
"13 Oct 21","0.1"
"14 Oct 21","0.1"
"15 Oct 21","0.1"
"18 Oct 21","0.1"
"19 Oct 21","0.1"
"20 Oct 21","0.1"
"21 Oct 21","0.1"
"22 Oct 21","0.1"
"25 Oct 21","0.1"
"26 Oct 21","0.1"
"27 Oct 21","0.1"
"28 Oct 21","0.1"
"29 Oct 21","0.1"
"01 Nov 21","0.1"
"02 Nov 21","0.1"
"03 Nov 21","0.1"
"04 Nov 21","0.1"
"05 Nov 21","0.1"
"08 Nov 21","0.1"
"09 Nov 21","0.1"
"10 Nov 21","0.1"
"11 Nov 21","0.1"
"12 Nov 21","0.1"
"15 Nov 21","0.1"
"16 Nov 21","0.1"
"17 Nov 21","0.1"
"18 Nov 21","0.1"
"19 Nov 21","0.1"
"22 Nov 21","0.1"
"23 Nov 21","0.1"
"24 Nov 21","0.1"
"25 Nov 21","0.1"
"26 Nov 21","0.1"
"29 Nov 21","0.1"
"30 Nov 21","0.1"
"01 Dec 21","0.1"
"02 Dec 21","0.1"
"03 Dec 21","0.1"
"06 Dec 21","0.1"
"07 Dec 21","0.1"
"08 Dec 21","0.1"
"09 Dec 21","0.1"
"10 Dec 21","0.1"
"13 Dec 21","0.1"
"14 Dec 21","0.1"
"15 Dec 21","0.1"
"16 Dec 21","0.25"
"17 Dec 21","0.25"
"20 Dec 21","0.25"
"21 Dec 21","0.25"
"22 Dec 21","0.25"
"23 Dec 21","0.25"
"24 Dec 21","0.25"
"29 Dec 21","0.25"
"30 Dec 21","0.25"
"31 Dec 21","0.25"
"04 Jan 22","0.25"
"05 Jan 22","0.25"
"06 Jan 22","0.25"
"07 Jan 22","0.25"
"10 Jan 22","0.25"
"11 Jan 22","0.25"
"12 Jan 22","0.25"
"13 Jan 22","0.25"
"14 Jan 22","0.25"
"17 Jan 22","0.25"
"18 Jan 22","0.25"
"19 Jan 22","0.25"
"20 Jan 22","0.25"
"21 Jan 22","0.25"
"24 Jan 22","0.25"
"25 Jan 22","0.25"
"26 Jan 22","0.25"
"27 Jan 22","0.25"
"28 Jan 22","0.25"
"31 Jan 22","0.25"
"01 Feb 22","0.25"
"02 Feb 22","0.25"
"03 Feb 22","0.5"
"04 Feb 22","0.5"
"07 Feb 22","0.5"
"08 Feb 22","0.5"
"09 Feb 22","0.5"
"10 Feb 22","0.5"
"11 Feb 22","0.5"
"14 Feb 22","0.5"
"15 Feb 22","0.5"
"16 Feb 22","0.5"
"17 Feb 22","0.5"
"18 Feb 22","0.5"
"21 Feb 22","0.5"
"22 Feb 22","0.5"
"23 Feb 22","0.5"
"24 Feb 22","0.5"
"25 Feb 22","0.5"
"28 Feb 22","0.5"
"01 Mar 22","0.5"
"02 Mar 22","0.5"
"03 Mar 22","0.5"
"04 Mar 22","0.5"
"07 Mar 22","0.5"
"08 Mar 22","0.5"
"09 Mar 22","0.5"
"10 Mar 22","0.5"
"11 Mar 22","0.5"
"14 Mar 22","0.5"
"15 Mar 22","0.5"
"16 Mar 22","0.5"
"17 Mar 22","0.75"
"18 Mar 22","0.75"
"21 Mar 22","0.75"
"22 Mar 22","0.75"
"23 Mar 22","0.75"
"24 Mar 22","0.75"
"25 Mar 22","0.75"
"28 Mar 22","0.75"
"29 Mar 22","0.75"
"30 Mar 22","0.75"
"31 Mar 22","0.75"
"01 Apr 22","0.75"
"04 Apr 22","0.75"
"05 Apr 22","0.75"
"06 Apr 22","0.75"
"07 Apr 22","0.75"
"08 Apr 22","0.75"
"11 Apr 22","0.75"
"12 Apr 22","0.75"
"13 Apr 22","0.75"
"14 Apr 22","0.75"
"19 Apr 22","0.75"
"20 Apr 22","0.75"
"21 Apr 22","0.75"
"22 Apr 22","0.75"
"25 Apr 22","0.75"
"26 Apr 22","0.75"
"27 Apr 22","0.75"
"28 Apr 22","0.75"
"29 Apr 22","0.75"
"03 May 22","0.75"
"04 May 22","0.75"
"05 May 22","1"
"06 May 22","1"
"09 May 22","1"
"10 May 22","1"
"11 May 22","1"
"12 May 22","1"
"13 May 22","1"
"16 May 22","1"
"17 May 22","1"
"18 May 22","1"
"19 May 22","1"
"20 May 22","1"
"23 May 22","1"
"24 May 22","1"
"25 May 22","1"
"26 May 22","1"
"27 May 22","1"
"30 May 22","1"
"31 May 22","1"
"01 Jun 22","1"
"06 Jun 22","1"
"07 Jun 22","1"
"08 Jun 22","1"
"09 Jun 22","1"
"10 Jun 22","1"
"13 Jun 22","1"
"14 Jun 22","1"
"15 Jun 22","1"
"16 Jun 22","1.25"
"17 Jun 22","1.25"
"20 Jun 22","1.25"
"21 Jun 22","1.25"
"22 Jun 22","1.25"
"23 Jun 22","1.25"
"24 Jun 22","1.25"
"27 Jun 22","1.25"
"28 Jun 22","1.25"
"29 Jun 22","1.25"
"30 Jun 22","1.25"
"01 Jul 22","1.25"
"04 Jul 22","1.25"
"05 Jul 22","1.25"
"06 Jul 22","1.25"
"07 Jul 22","1.25"
"08 Jul 22","1.25"
"11 Jul 22","1.25"
"12 Jul 22","1.25"
"13 Jul 22","1.25"
"14 Jul 22","1.25"
"15 Jul 22","1.25"
"18 Jul 22","1.25"
"19 Jul 22","1.25"
"20 Jul 22","1.25"
"21 Jul 22","1.25"
"22 Jul 22","1.25"
"25 Jul 22","1.25"
"26 Jul 22","1.25"
"27 Jul 22","1.25"
"28 Jul 22","1.25"
"29 Jul 22","1.25"
"01 Aug 22","1.25"
"02 Aug 22","1.25"
"03 Aug 22","1.25"
"04 Aug 22","1.75"
"05 Aug 22","1.75"
"08 Aug 22","1.75"
"09 Aug 22","1.75"
"10 Aug 22","1.75"
"11 Aug 22","1.75"
"12 Aug 22","1.75"
"15 Aug 22","1.75"
"16 Aug 22","1.75"
"17 Aug 22","1.75"
"18 Aug 22","1.75"
"19 Aug 22","1.75"
"22 Aug 22","1.75"
"23 Aug 22","1.75"
"24 Aug 22","1.75"
"25 Aug 22","1.75"
"26 Aug 22","1.75"
"30 Aug 22","1.75"
"31 Aug 22","1.75"
"01 Sep 22","1.75"
"02 Sep 22","1.75"
"05 Sep 22","1.75"
"06 Sep 22","1.75"
"07 Sep 22","1.75"
"08 Sep 22","1.75"
"09 Sep 22","1.75"
"12 Sep 22","1.75"
"13 Sep 22","1.75"
"14 Sep 22","1.75"
"15 Sep 22","1.75"
"16 Sep 22","1.75"
"20 Sep 22","1.75"
"21 Sep 22","1.75"
"22 Sep 22","2.25"
"23 Sep 22","2.25"
"26 Sep 22","2.25"
"27 Sep 22","2.25"
"28 Sep 22","2.25"
"29 Sep 22","2.25"
"30 Sep 22","2.25"
"03 Oct 22","2.25"
"04 Oct 22","2.25"
"05 Oct 22","2.25"
"06 Oct 22","2.25"
"07 Oct 22","2.25"
"10 Oct 22","2.25"
"11 Oct 22","2.25"
"12 Oct 22","2.25"
"13 Oct 22","2.25"
"14 Oct 22","2.25"
"17 Oct 22","2.25"
"18 Oct 22","2.25"
"19 Oct 22","2.25"
"20 Oct 22","2.25"
"21 Oct 22","2.25"
"24 Oct 22","2.25"
"25 Oct 22","2.25"
"26 Oct 22","2.25"
"27 Oct 22","2.25"
"28 Oct 22","2.25"
"31 Oct 22","2.25"
"01 Nov 22","2.25"
"02 Nov 22","2.25"
"03 Nov 22","3"
"04 Nov 22","3"
"07 Nov 22","3"
"08 Nov 22","3"
"09 Nov 22","3"
"10 Nov 22","3"
"11 Nov 22","3"
"14 Nov 22","3"
"15 Nov 22","3"
"16 Nov 22","3"
"17 Nov 22","3"
"18 Nov 22","3"
"21 Nov 22","3"
"22 Nov 22","3"
"23 Nov 22","3"
"24 Nov 22","3"
"25 Nov 22","3"
"28 Nov 22","3"
"29 Nov 22","3"
"30 Nov 22","3"
"01 Dec 22","3"
"02 Dec 22","3"
"05 Dec 22","3"
"06 Dec 22","3"
"07 Dec 22","3"
"08 Dec 22","3"
"09 Dec 22","3"
"12 Dec 22","3"
"13 Dec 22","3"
"14 Dec 22","3"
"15 Dec 22","3.5"
"16 Dec 22","3.5"
"19 Dec 22","3.5"
"20 Dec 22","3.5"
"21 Dec 22","3.5"
"22 Dec 22","3.5"
"23 Dec 22","3.5"
"28 Dec 22","3.5"
"29 Dec 22","3.5"
"30 Dec 22","3.5"
"03 Jan 23","3.5"
"04 Jan 23","3.5"
"05 Jan 23","3.5"
"06 Jan 23","3.5"
"09 Jan 23","3.5"
"10 Jan 23","3.5"
"11 Jan 23","3.5"
"12 Jan 23","3.5"
"13 Jan 23","3.5"
"16 Jan 23","3.5"
"17 Jan 23","3.5"
"18 Jan 23","3.5"
"19 Jan 23","3.5"
"20 Jan 23","3.5"
"23 Jan 23","3.5"
"24 Jan 23","3.5"
"25 Jan 23","3.5"
"26 Jan 23","3.5"
"27 Jan 23","3.5"
"30 Jan 23","3.5"
"31 Jan 23","3.5"
"01 Feb 23","3.5"
"02 Feb 23","4"
"03 Feb 23","4"
"06 Feb 23","4"
"07 Feb 23","4"
"08 Feb 23","4"
"09 Feb 23","4"
"10 Feb 23","4"
"13 Feb 23","4"
"14 Feb 23","4"
"15 Feb 23","4"
"16 Feb 23","4"
"17 Feb 23","4"
"20 Feb 23","4"
"21 Feb 23","4"
"22 Feb 23","4"
"23 Feb 23","4"
"24 Feb 23","4"
"27 Feb 23","4"
"28 Feb 23","4"
"01 Mar 23","4"
"02 Mar 23","4"
"03 Mar 23","4"
"06 Mar 23","4"
"07 Mar 23","4"
"08 Mar 23","4"
"09 Mar 23","4"
"10 Mar 23","4"
"13 Mar 23","4"
"14 Mar 23","4"
"15 Mar 23","4"
"16 Mar 23","4"
"17 Mar 23","4"
"20 Mar 23","4"
"21 Mar 23","4"
"22 Mar 23","4"
"23 Mar 23","4.25"
"24 Mar 23","4.25"
"27 Mar 23","4.25"
"28 Mar 23","4.25"
"29 Mar 23","4.25"
"30 Mar 23","4.25"
"31 Mar 23","4.25"
"03 Apr 23","4.25"
"04 Apr 23","4.25"
"05 Apr 23","4.25"
"06 Apr 23","4.25"
"11 Apr 23","4.25"
"12 Apr 23","4.25"
"13 Apr 23","4.25"
"14 Apr 23","4.25"
"17 Apr 23","4.25"
"18 Apr 23","4.25"
"19 Apr 23","4.25"
"20 Apr 23","4.25"
"21 Apr 23","4.25"
"24 Apr 23","4.25"
"25 Apr 23","4.25"
"26 Apr 23","4.25"
"27 Apr 23","4.25"
"28 Apr 23","4.25"
"02 May 23","4.25"
"03 May 23","4.25"
"04 May 23","4.25"
"05 May 23","4.25"
"09 May 23","4.25"
"10 May 23","4.25"
"11 May 23","4.5"
"12 May 23","4.5"
"15 May 23","4.5"
"16 May 23","4.5"
"17 May 23","4.5"
"18 May 23","4.5"
"19 May 23","4.5"
"22 May 23","4.5"
"23 May 23","4.5"
"24 May 23","4.5"
"25 May 23","4.5"
"26 May 23","4.5"
"30 May 23","4.5"
"31 May 23","4.5"
"01 Jun 23","4.5"
"02 Jun 23","4.5"
"05 Jun 23","4.5"
"06 Jun 23","4.5"
"07 Jun 23","4.5"
"08 Jun 23","4.5"
"09 Jun 23","4.5"
"12 Jun 23","4.5"
"13 Jun 23","4.5"
"14 Jun 23","4.5"
"15 Jun 23","4.5"
"16 Jun 23","4.5"
"19 Jun 23","4.5"
"20 Jun 23","4.5"
"21 Jun 23","4.5"
"22 Jun 23","5"
"23 Jun 23","5"
"26 Jun 23","5"
"27 Jun 23","5"
"28 Jun 23","5"
"29 Jun 23","5"
"30 Jun 23","5"
"03 Jul 23","5"
"04 Jul 23","5"
"05 Jul 23","5"
"06 Jul 23","5"
"07 Jul 23","5"
"10 Jul 23","5"
"11 Jul 23","5"
"12 Jul 23","5"
"13 Jul 23","5"
"14 Jul 23","5"
"17 Jul 23","5"
"18 Jul 23","5"
"19 Jul 23","5"
"20 Jul 23","5"
"21 Jul 23","5"
"24 Jul 23","5"
"25 Jul 23","5"
"26 Jul 23","5"
"27 Jul 23","5"
"28 Jul 23","5"
"31 Jul 23","5"
"01 Aug 23","5"
"02 Aug 23","5"
"03 Aug 23","5.25"
"04 Aug 23","5.25"
"07 Aug 23","5.25"
"08 Aug 23","5.25"
"09 Aug 23","5.25"
"10 Aug 23","5.25"
"11 Aug 23","5.25"
"14 Aug 23","5.25"
"15 Aug 23","5.25"
"16 Aug 23","5.25"
"17 Aug 23","5.25"
"18 Aug 23","5.25"
"21 Aug 23","5.25"
"22 Aug 23","5.25"
"23 Aug 23","5.25"
"24 Aug 23","5.25"
"25 Aug 23","5.25"
"29 Aug 23","5.25"
"30 Aug 23","5.25"
"31 Aug 23","5.25"
"01 Sep 23","5.25"
"04 Sep 23","5.25"
"05 Sep 23","5.25"
"06 Sep 23","5.25"
"07 Sep 23","5.25"
"08 Sep 23","5.25"
"11 Sep 23","5.25"
"12 Sep 23","5.25"
"13 Sep 23","5.25"
"14 Sep 23","5.25"
"15 Sep 23","5.25"
"18 Sep 23","5.25"
"19 Sep 23","5.25"
"20 Sep 23","5.25"
"21 Sep 23","5.25"
"22 Sep 23","5.25"
"25 Sep 23","5.25"
"26 Sep 23","5.25"
"27 Sep 23","5.25"
"28 Sep 23","5.25"
"29 Sep 23","5.25"
"02 Oct 23","5.25"
"03 Oct 23","5.25"
"04 Oct 23","5.25"
"05 Oct 23","5.25"
"06 Oct 23","5.25"
"09 Oct 23","5.25"
"10 Oct 23","5.25"
"11 Oct 23","5.25"
"12 Oct 23","5.25"
"13 Oct 23","5.25"
"16 Oct 23","5.25"
"17 Oct 23","5.25"
"18 Oct 23","5.25"
"19 Oct 23","5.25"
"20 Oct 23","5.25"
"23 Oct 23","5.25"
"24 Oct 23","5.25"
"25 Oct 23","5.25"
"26 Oct 23","5.25"
"27 Oct 23","5.25"
"30 Oct 23","5.25"
"31 Oct 23","5.25"
"01 Nov 23","5.25"
"02 Nov 23","5.25"
"03 Nov 23","5.25"
"06 Nov 23","5.25"
"07 Nov 23","5.25"
"08 Nov 23","5.25"
"09 Nov 23","5.25"
"10 Nov 23","5.25"
"13 Nov 23","5.25"
"14 Nov 23","5.25"
"15 Nov 23","5.25"
"16 Nov 23","5.25"
"17 Nov 23","5.25"
"20 Nov 23","5.25"
"21 Nov 23","5.25"
"22 Nov 23","5.25"
"23 Nov 23","5.25"
"24 Nov 23","5.25"
"27 Nov 23","5.25"
"28 Nov 23","5.25"
"29 Nov 23","5.25"
"30 Nov 23","5.25"
"01 Dec 23","5.25"
"04 Dec 23","5.25"
"05 Dec 23","5.25"
"06 Dec 23","5.25"
"07 Dec 23","5.25"
"08 Dec 23","5.25"
"11 Dec 23","5.25"
"12 Dec 23","5.25"
"13 Dec 23","5.25"
"14 Dec 23","5.25"
"15 Dec 23","5.25"
"18 Dec 23","5.25"
"19 Dec 23","5.25"
"20 Dec 23","5.25"
"21 Dec 23","5.25"
"22 Dec 23","5.25"
"27 Dec 23","5.25"
"28 Dec 23","5.25"
"29 Dec 23","5.25"
"02 Jan 24","5.25"
"03 Jan 24","5.25"
"04 Jan 24","5.25"
"05 Jan 24","5.25"
"08 Jan 24","5.25"
"09 Jan 24","5.25"
"10 Jan 24","5.25"
"11 Jan 24","5.25"
"12 Jan 24","5.25"
"15 Jan 24","5.25"
"16 Jan 24","5.25"
"17 Jan 24","5.25"
"18 Jan 24","5.25"
"19 Jan 24","5.25"
"22 Jan 24","5.25"
"23 Jan 24","5.25"
"24 Jan 24","5.25"
"25 Jan 24","5.25"
"26 Jan 24","5.25"
"29 Jan 24","5.25"
"30 Jan 24","5.25"
"31 Jan 24","5.25"
"01 Feb 24","5.25"
"02 Feb 24","5.25"
"05 Feb 24","5.25"
"06 Feb 24","5.25"
"07 Feb 24","5.25"
"08 Feb 24","5.25"
"09 Feb 24","5.25"
"12 Feb 24","5.25"
"13 Feb 24","5.25"
"14 Feb 24","5.25"
"15 Feb 24","5.25"
"16 Feb 24","5.25"
"19 Feb 24","5.25"
"20 Feb 24","5.25"
"21 Feb 24","5.25"
"22 Feb 24","5.25"
"23 Feb 24","5.25"
"26 Feb 24","5.25"
"27 Feb 24","5.25"
"28 Feb 24","5.25"
"29 Feb 24","5.25"
"01 Mar 24","5.25"
"04 Mar 24","5.25"
"05 Mar 24","5.25"
"06 Mar 24","5.25"
"07 Mar 24","5.25"
"08 Mar 24","5.25"
"11 Mar 24","5.25"
"12 Mar 24","5.25"
"13 Mar 24","5.25"
"14 Mar 24","5.25"
"15 Mar 24","5.25"
"18 Mar 24","5.25"
"19 Mar 24","5.25"
"20 Mar 24","5.25"
"21 Mar 24","5.25"
"22 Mar 24","5.25"
"25 Mar 24","5.25"
"26 Mar 24","5.25"
"27 Mar 24","5.25"
"28 Mar 24","5.25"
"02 Apr 24","5.25"
"03 Apr 24","5.25"
"04 Apr 24","5.25"
"05 Apr 24","5.25"
"08 Apr 24","5.25"
"09 Apr 24","5.25"
"10 Apr 24","5.25"
"11 Apr 24","5.25"
"12 Apr 24","5.25"
"15 Apr 24","5.25"
"16 Apr 24","5.25"
"17 Apr 24","5.25"
"18 Apr 24","5.25"
"19 Apr 24","5.25"
"22 Apr 24","5.25"
"23 Apr 24","5.25"
"24 Apr 24","5.25"
"25 Apr 24","5.25"
"26 Apr 24","5.25"
"29 Apr 24","5.25"
"30 Apr 24","5.25"
"01 May 24","5.25"
"02 May 24","5.25"
"03 May 24","5.25"
"07 May 24","5.25"
"08 May 24","5.25"
"09 May 24","5.25"
"10 May 24","5.25"
"13 May 24","5.25"
"14 May 24","5.25"
"15 May 24","5.25"
"16 May 24","5.25"
"17 May 24","5.25"
"20 May 24","5.25"
"21 May 24","5.25"
"22 May 24","5.25"
"23 May 24","5.25"
"24 May 24","5.25"
"28 May 24","5.25"
"29 May 24","5.25"
"30 May 24","5.25"
"31 May 24","5.25"
"03 Jun 24","5.25"
"04 Jun 24","5.25"
"05 Jun 24","5.25"
"06 Jun 24","5.25"
"07 Jun 24","5.25"
"10 Jun 24","5.25"
"11 Jun 24","5.25"
"12 Jun 24","5.25"
"13 Jun 24","5.25"
"14 Jun 24","5.25"
"17 Jun 24","5.25"
"18 Jun 24","5.25"
"19 Jun 24","5.25"
"20 Jun 24","5.25"
"21 Jun 24","5.25"
"24 Jun 24","5.25"
"25 Jun 24","5.25"
"26 Jun 24","5.25"
"27 Jun 24","5.25"
"28 Jun 24","5.25"
"01 Jul 24","5.25"
"02 Jul 24","5.25"
"03 Jul 24","5.25"
"04 Jul 24","5.25"
"05 Jul 24","5.25"
"08 Jul 24","5.25"
"09 Jul 24","5.25"
"10 Jul 24","5.25"
"11 Jul 24","5.25"
"12 Jul 24","5.25"
"15 Jul 24","5.25"
"16 Jul 24","5.25"
"17 Jul 24","5.25"
"18 Jul 24","5.25"
"19 Jul 24","5.25"
"22 Jul 24","5.25"
"23 Jul 24","5.25"
"24 Jul 24","5.25"
"25 Jul 24","5.25"
"26 Jul 24","5.25"
"29 Jul 24","5.25"
"30 Jul 24","5.25"
"31 Jul 24","5.25"
"01 Aug 24","5"
"02 Aug 24","5"
"05 Aug 24","5"
"06 Aug 24","5"
"07 Aug 24","5"
"08 Aug 24","5"
"09 Aug 24","5"
"12 Aug 24","5"
"13 Aug 24","5"
"14 Aug 24","5"
"15 Aug 24","5"
"16 Aug 24","5"
"19 Aug 24","5"
"20 Aug 24","5"
"21 Aug 24","5"
"22 Aug 24","5"
"23 Aug 24","5"
"27 Aug 24","5"
"28 Aug 24","5"
"29 Aug 24","5"
"30 Aug 24","5"
"02 Sep 24","5"
"03 Sep 24","5"
"04 Sep 24","5"
"05 Sep 24","5"
"06 Sep 24","5"
"09 Sep 24","5"
"10 Sep 24","5"
"11 Sep 24","5"
"12 Sep 24","5"
"13 Sep 24","5"
"16 Sep 24","5"
"17 Sep 24","5"
"18 Sep 24","5"
"19 Sep 24","5"
"20 Sep 24","5"
"23 Sep 24","5"
"24 Sep 24","5"
"25 Sep 24","5"
"26 Sep 24","5"
"27 Sep 24","5"
"30 Sep 24","5"
"01 Oct 24","5"
"02 Oct 24","5"
"03 Oct 24","5"
"04 Oct 24","5"
"07 Oct 24","5"
"08 Oct 24","5"
"09 Oct 24","5"
"10 Oct 24","5"
"11 Oct 24","5"
"14 Oct 24","5"
"15 Oct 24","5"
"16 Oct 24","5"
"17 Oct 24","5"
"18 Oct 24","5"
"21 Oct 24","5"
"22 Oct 24","5"
"23 Oct 24","5"
"24 Oct 24","5"
"25 Oct 24","5"
"28 Oct 24","5"
"29 Oct 24","5"
"30 Oct 24","5"
"31 Oct 24","5"
"01 Nov 24","5"
"04 Nov 24","5"
"05 Nov 24","5"
"06 Nov 24","5"
"07 Nov 24","4.75"
"08 Nov 24","4.75"
"11 Nov 24","4.75"
"12 Nov 24","4.75"
"13 Nov 24","4.75"
"14 Nov 24","4.75"
"15 Nov 24","4.75"
"18 Nov 24","4.75"
"19 Nov 24","4.75"
"20 Nov 24","4.75"
"21 Nov 24","4.75"
"22 Nov 24","4.75"
"25 Nov 24","4.75"
"26 Nov 24","4.75"
"27 Nov 24","4.75"
"28 Nov 24","4.75"
"29 Nov 24","4.75"
"02 Dec 24","4.75"
"03 Dec 24","4.75"
"04 Dec 24","4.75"
"05 Dec 24","4.75"
"06 Dec 24","4.75"
"09 Dec 24","4.75"
"10 Dec 24","4.75"
"11 Dec 24","4.75"
"12 Dec 24","4.75"
"13 Dec 24","4.75"
"16 Dec 24","4.75"
"17 Dec 24","4.75"
"18 Dec 24","4.75"
"19 Dec 24","4.75"
"20 Dec 24","4.75"
"23 Dec 24","4.75"
"24 Dec 24","4.75"
"27 Dec 24","4.75"
"30 Dec 24","4.75"
"31 Dec 24","4.75"
"02 Jan 25","4.75"
"03 Jan 25","4.75"
"06 Jan 25","4.75"
"07 Jan 25","4.75"
"08 Jan 25","4.75"
"09 Jan 25","4.75"
"10 Jan 25","4.75"
"13 Jan 25","4.75"
"14 Jan 25","4.75"
"15 Jan 25","4.75"
"16 Jan 25","4.75"
"17 Jan 25","4.75"
"20 Jan 25","4.75"
"21 Jan 25","4.75"
"22 Jan 25","4.75"
"23 Jan 25","4.75"
"24 Jan 25","4.75"
"27 Jan 25","4.75"
"28 Jan 25","4.75"
"29 Jan 25","4.75"
"30 Jan 25","4.75"
"31 Jan 25","4.75"
"03 Feb 25","4.75"
"04 Feb 25","4.75"
"05 Feb 25","4.75"
"06 Feb 25","4.5"
"07 Feb 25","4.5"
"10 Feb 25","4.5"
"11 Feb 25","4.5"
"12 Feb 25","4.5"
"13 Feb 25","4.5"
"14 Feb 25","4.5"
"17 Feb 25","4.5"
"18 Feb 25","4.5"
"19 Feb 25","4.5"
"20 Feb 25","4.5"
"21 Feb 25","4.5"
"24 Feb 25","4.5"
"25 Feb 25","4.5"
"26 Feb 25","4.5"
"27 Feb 25","4.5"
"28 Feb 25","4.5"
"03 Mar 25","4.5"
"04 Mar 25","4.5"
"05 Mar 25","4.5"
"06 Mar 25","4.5"
"07 Mar 25","4.5"
"10 Mar 25","4.5"
"11 Mar 25","4.5"
"12 Mar 25","4.5"
"13 Mar 25","4.5"
"14 Mar 25","4.5"
"17 Mar 25","4.5"
"18 Mar 25","4.5"
"19 Mar 25","4.5"
"20 Mar 25","4.5"
"21 Mar 25","4.5"
"24 Mar 25","4.5"
"25 Mar 25","4.5"
"26 Mar 25","4.5"
"27 Mar 25","4.5"
"28 Mar 25","4.5"
"31 Mar 25","4.5"
"01 Apr 25","4.5"
"02 Apr 25","4.5"
"03 Apr 25","4.5"
"04 Apr 25","4.5"
"07 Apr 25","4.5"
"08 Apr 25","4.5"
"09 Apr 25","4.5"
"10 Apr 25","4.5"
"11 Apr 25","4.5"
"14 Apr 25","4.5"
"15 Apr 25","4.5"
"16 Apr 25","4.5"
"17 Apr 25","4.5"
"22 Apr 25","4.5"
"23 Apr 25","4.5"
"24 Apr 25","4.5"
"25 Apr 25","4.5"
"28 Apr 25","4.5"
"29 Apr 25","4.5"
"30 Apr 25","4.5"
"01 May 25","4.5"
"02 May 25","4.5"
"06 May 25","4.5"
"07 May 25","4.5"
"08 May 25","4.25"
"09 May 25","4.25"
"12 May 25","4.25"
"13 May 25","4.25"
"14 May 25","4.25"
"15 May 25","4.25"
"16 May 25","4.25"
"19 May 25","4.25"
"20 May 25","4.25"
"21 May 25","4.25"
"22 May 25","4.25"
"23 May 25","4.25"
"27 May 25","4.25"
"28 May 25","4.25"
"29 May 25","4.25"
"30 May 25","4.25"
"02 Jun 25","4.25"
"03 Jun 25","4.25"
"04 Jun 25","4.25"
"05 Jun 25","4.25"
"06 Jun 25","4.25"
"09 Jun 25","4.25"
"10 Jun 25","4.25"
"11 Jun 25","4.25"
"12 Jun 25","4.25"
"13 Jun 25","4.25"
"16 Jun 25","4.25"
"17 Jun 25","4.25"
"18 Jun 25","4.25"
"19 Jun 25","4.25"
"20 Jun 25","4.25"
"23 Jun 25","4.25"
"24 Jun 25","4.25"
"25 Jun 25","4.25"
"26 Jun 25","4.25"
"27 Jun 25","4.25"
"30 Jun 25","4.25"
"01 Jul 25","4.25"
"02 Jul 25","4.25"
"03 Jul 25","4.25"
"04 Jul 25","4.25"
"07 Jul 25","4.25"
"08 Jul 25","4.25"
"09 Jul 25","4.25"
"10 Jul 25","4.25"
"11 Jul 25","4.25"
"14 Jul 25","4.25"
"15 Jul 25","4.25"
"16 Jul 25","4.25"
"17 Jul 25","4.25"
"18 Jul 25","4.25"
"21 Jul 25","4.25"
"22 Jul 25","4.25"
"23 Jul 25","4.25"
"24 Jul 25","4.25"
"25 Jul 25","4.25"
"28 Jul 25","4.25"
"29 Jul 25","4.25"
"30 Jul 25","4.25"
"31 Jul 25","4.25"
"01 Aug 25","4.25"
"04 Aug 25","4.25"
"05 Aug 25","4.25"
"06 Aug 25","4.25"
"07 Aug 25","4"
"08 Aug 25","4"
"11 Aug 25","4"
"12 Aug 25","4"
"13 Aug 25","4"
"14 Aug 25","4"
"15 Aug 25","4"
"18 Aug 25","4"
"19 Aug 25","4"
"20 Aug 25","4"
"21 Aug 25","4"
"22 Aug 25","4"
"26 Aug 25","4"
"27 Aug 25","4"
"28 Aug 25","4"
"29 Aug 25","4"
"01 Sep 25","4"
"02 Sep 25","4"
"03 Sep 25","4"
"04 Sep 25","4"
"05 Sep 25","4"
"08 Sep 25","4"
"09 Sep 25","4"
"10 Sep 25","4"
"11 Sep 25","4"
"12 Sep 25","4"
"15 Sep 25","4"
"16 Sep 25","4"
"17 Sep 25","4"
"18 Sep 25","4"
"19 Sep 25","4"
"22 Sep 25","4"
"23 Sep 25","4"
"24 Sep 25","4"
"25 Sep 25","4"
"26 Sep 25","4"
"29 Sep 25","4"
"30 Sep 25","4"
"01 Oct 25","4"
"02 Oct 25","4"
"03 Oct 25","4"
"06 Oct 25","4"
"07 Oct 25","4"
"08 Oct 25","4"
"09 Oct 25","4"
"10 Oct 25","4"
"13 Oct 25","4"
"14 Oct 25","4"
"15 Oct 25","4"
"16 Oct 25","4"
"17 Oct 25","4"
"20 Oct 25","4"
"21 Oct 25","4"
"22 Oct 25","4"
"23 Oct 25","4"
"24 Oct 25","4"
"27 Oct 25","4"
"28 Oct 25","4"
"29 Oct 25","4"
"30 Oct 25","4"
"31 Oct 25","4"
"03 Nov 25","4"
"04 Nov 25","4"
"05 Nov 25","4"
"06 Nov 25","4"
"07 Nov 25","4"
"10 Nov 25","4"
"11 Nov 25","4"
"12 Nov 25","4"
"13 Nov 25","4"
"14 Nov 25","4"
"17 Nov 25","4"
"18 Nov 25","4"
"19 Nov 25","4"
"20 Nov 25","4"
"21 Nov 25","4"
"24 Nov 25","4"
"25 Nov 25","4"
"26 Nov 25","4"
"27 Nov 25","4"
"28 Nov 25","4"
"01 Dec 25","4"
"02 Dec 25","4"
"03 Dec 25","4"
"04 Dec 25","4"
"05 Dec 25","4"
"08 Dec 25","4"
"09 Dec 25","4"
"10 Dec 25","4"
"11 Dec 25","4"
"12 Dec 25","4"
"15 Dec 25","4"
"16 Dec 25","4"
"17 Dec 25","4"
"18 Dec 25","3.75"
"19 Dec 25","3.75"
"22 Dec 25","3.75"
"23 Dec 25","3.75"
"24 Dec 25","3.75"
"29 Dec 25","3.75"
"30 Dec 25","3.75"
"31 Dec 25","3.75"
"02 Jan 26","3.75"
"05 Jan 26","3.75"
"06 Jan 26","3.75"
"07 Jan 26","3.75"
"08 Jan 26","3.75"
"09 Jan 26","3.75"
"12 Jan 26","3.75"
"13 Jan 26","3.75"
"14 Jan 26","3.75"
"15 Jan 26","3.75"
"16 Jan 26","3.75"
"19 Jan 26","3.75"
"20 Jan 26","3.75"
"21 Jan 26","3.75"
"22 Jan 26","3.75"
"23 Jan 26","3.75"
"26 Jan 26","3.75"
"27 Jan 26","3.75"
"28 Jan 26","3.75"
"29 Jan 26","3.75"
"30 Jan 26","3.75"
"02 Feb 26","3.75"
"03 Feb 26","3.75"